time,open,high,low,close,volume,EMA20,EMA50,RSI14,MACD,MACD_signal,MACD_hist,ADX,ATR,BB_upper,BB_middle,BB_lower,target
1782342000000,60874.0,61112.0,60830.01,61077.99,416.02483,61257.91072997136,61855.10223080203,37.420126103879625,-507.8706296359087,-506.46055455401637,-1.4100750818923302,41.67743077514837,721.9692857142852,63998.61877146111,61503.549,59008.47922853889,0
1782345600000,61078.0,61163.16,60726.77,60832.0,766.62145,61217.34780330742,61814.98057469215,37.3598730653986,-478.62285049824277,-500.8930137428616,22.270163244618857,43.04048749481503,733.8792857142861,63848.759275098506,61407.928,58967.096724901494,1
1782349200000,60832.0,60988.0,60720.23,60928.0,615.84376,61189.79086965909,61780.19702274344,33.40443849403597,-442.5954127066507,-489.23349353561946,46.63808082896878,44.363578157641236,687.2785714285716,63655.717731833116,61309.828,58963.93826816689,0
1782352800000,60928.0,60966.0,60700.01,60799.08,580.03112,61152.58031064394,61741.721845380955,34.40097543742918,-419.6091818134446,-475.3086311911845,55.69944937773988,46.03805980100258,678.5635714285714,63460.621719143535,61210.78200000001,58960.94228085648,1
1782356400000,60799.08,60910.63,60684.94,60883.65,479.47033,61126.96790010642,61708.07196909151,45.09912630784165,-390.0718307510906,-458.2612711031657,68.18944035207511,45.57168973212394,596.6121428571423,63269.21191219475,61122.065,58974.91808780526,1
1782360000000,60883.66,61410.0,60792.0,61357.63,536.03927,61148.935719143905,61694.329146774195,52.50308624914781,-324.6743980868414,-431.5438964999009,106.86949841305949,42.40405874812024,600.1835714285709,63051.76897444964,61049.946500000005,59048.12402555037,1
1782363600000,61357.63,61807.04,61280.0,61600.01,1223.4059,61191.895174463534,61690.63035670462,65.83088054223299,-250.40194345716736,-395.31550589135423,144.91356243418687,40.376272089749996,573.5214285714283,62866.18932838655,60995.86200000001,59125.534671613466,1
1782367200000,61600.02,61869.02,61600.01,61732.06,539.2877,61243.33944356225,61692.255048598556,73.54988863585174,-178.82378734039958,-352.0171621811633,173.19337484076374,40.0093499780196,517.3007142857138,62738.9718398213,60960.16549999999,59181.359160178676,1
1782370800000,61732.06,61962.4,61670.0,61911.04,937.71339,61306.929972746795,61700.834850614294,83.6165282873142,-106.42855064103787,-302.89943987313825,196.47088923210038,41.72659884333945,470.009285714285,62501.561663332235,60909.657999999996,59317.75433666776,0
1782374400000,61911.03,61920.0,61684.87,61712.35,337.43778,61345.54140391377,61701.28642510001,78.30382840512598,-64.34568940203462,-255.18868977891754,190.8430003768829,43.443847708659305,442.5792857142847,62294.930858599386,60864.36000000001,59433.78914140063,1
1782378000000,61712.36,61792.0,61614.32,61739.29,327.48572,61383.041270207694,61702.776761370595,76.18941183044575,-28.49244268313487,-209.84944035976102,181.35699767662615,44.25422824779499,421.6992857142847,62353.69797484397,60884.42400000001,59415.15002515606,0
1782381600000,61739.29,61751.07,61257.79,61269.94,686.26895,61372.2697206641,61685.80277072861,55.4657956864193,-37.518617559406266,-175.38327579969007,137.8646582402838,44.28275110368077,360.1849999999987,62368.33749281144,60892.266,59416.194507188564,1
1782385200000,61269.95,61422.52,61066.0,61282.01,605.95603,61363.67355679133,61669.9677601118,53.15044708106072,-43.19999539626588,-148.94661971900524,105.74662432273936,43.47015207927889,351.4449999999987,62397.3835438959,60943.866500000004,59490.34945610411,0
1782388800000,61282.0,61761.35,61080.0,61244.01,1124.99959,61352.27702757311,61653.263534225065,57.307102910044634,-50.19024873971648,-129.1953455231475,79.00509678343101,43.39462420531406,366.30285714285594,62377.13507808896,61013.567,59649.99892191104,0
1782392400000,61244.01,61369.18,58115.01,58290.17,6396.00513,61060.64778685186,61521.37751327507,23.60898639847325,-290.7289344220262,-161.50206330292326,-129.22687111910295,44.28359498326584,578.6014285714274,62649.708170007376,60957.8755,59266.04282999263,1
1782396000000,58291.7,60485.51,58291.7,59471.5,6002.27451,60909.30037858026,61440.9901598133,39.058403435685456,-381.63486839622783,-205.52862432158418,-176.10624407464366,45.38434108513796,704.2407142857129,62665.82049174542,60951.451,59237.08150825458,1
1782399600000,59471.49,59655.86,58874.85,59557.99,2456.01373,60780.60415204881,61367.147016291216,38.96504118345444,-441.60886375042173,-252.7446722073517,-188.86419154307004,45.54922439444506,740.9007142857133,62703.01940787188,60931.4355,59159.85159212812,0
1782403200000,59557.99,60067.0,59157.63,59312.64,1765.10919,60640.79804232987,61286.57811369156,38.247665250900525,-503.1365368769184,-302.8230451412651,-200.31349173565332,44.897140501734995,786.856428571428,62762.808399631685,60849.2675,58935.72660036832,1
1782406800000,59312.64,59740.9,59139.96,59676.01,1062.87634,60548.91346686988,61223.4185798213,40.85511947925282,-516.6214484503653,-345.5827258030851,-171.03872264728017,45.685766514408655,813.6599999999999,62756.3246291631,60777.56799999999,58798.811370836884,0
1782410400000,59676.0,59793.34,59364.0,59512.71,978.75101,60450.22742240608,61156.33196884792,35.33948704256426,-534.3259068232874,-383.33136200712556,-150.9945448161618,48.8685455806585,800.1842857142854,62766.40171176122,60709.504,58652.606288238785,0
1782414000000,59512.71,59516.0,59168.82,59320.0,917.28893,60342.58671551027,61084.318950461726,31.737917843417762,-557.4806145875555,-418.1612125232116,-139.31940206434388,51.048784074747466,787.3371428571425,62760.80488803954,60621.6045,58482.40411196046,1
1782417600000,59319.99,59741.95,59319.99,59456.62,539.40098,60258.20893308072,61020.48761907107,31.787854727999274,-558.3702504189641,-446.20302010236213,-112.167230316602,50.86839914170936,798.2621428571427,62751.16912907815,60552.8355,58354.50187092185,1
1782421200000,59456.62,60273.81,59452.01,60211.87,617.22274,60253.79570135875,60988.777124205546,37.54878497386169,-492.4562015641641,-455.45365639472254,-37.00254516944153,47.4873858799438,836.076428571428,62712.960788739336,60517.029,58321.09721126067,0
1782424800000,60211.86,60211.86,59740.0,59851.27,431.60976,60215.45992027697,60944.16900168768,36.67844391443649,-463.96791597633273,-457.1565083110446,-6.8114076652881295,44.106372618178234,852.9864285714284,62680.79766675564,60469.6385,58258.47933324436,0
1782428400000,59851.27,60191.55,59739.99,59794.0,458.89363,60175.32088025059,60899.06433495483,36.13586960395123,-440.929197456222,-453.9110461400801,12.981848683858061,41.04879991653804,872.5492857142859,62637.03444155065,60415.156,58193.27755844936,0
1782432000000,59794.64,59906.71,59642.77,59667.09,875.61527,60126.917939274346,60850.751615937,37.99023244034638,-427.9779598982277,-448.72442889170964,20.746468993481926,41.13970137446593,856.1678571428575,62530.05391612697,60330.62899999999,58131.20408387302,0
1782435600000,59667.09,59789.07,59228.0,59431.5,833.71293,60060.68765934346,60795.094689821824,36.583954772113344,-431.74724147075904,-445.32899140751954,13.581749936760502,42.35577371892022,870.778571428572,62371.37545180183,60222.20349999999,58073.031548198145,0
1782439200000,59431.49,59456.0,58358.77,58561.99,2633.6835,59917.954548929796,60707.52195688764,32.64770048161654,-499.14280690257146,-456.09175450653,-43.051052396041484,44.28508465165795,900.4842857142867,62211.6067115487,60063.7,57915.79328845129,1
1782442800000,58562.0,60131.37,58337.0,60036.01,1886.07235,59929.1979252222,60681.18815465675,63.97047526375089,-428.67172219070926,-450.60774804336586,21.9360258526566,41.69678649249746,796.2128571428584,61934.178906822344,59969.9485,58005.71809317765,0
1782446400000,60036.0,60238.77,59836.17,59920.47,843.9784,59928.36669424866,60651.356070160415,54.331571645509044,-377.79105214933224,-436.04440886455916,58.253356715226914,39.28036731130546,668.1600000000009,61665.226520810684,59880.354499999994,58095.482479189304,1
1782450000000,59920.47,60047.68,59736.0,59953.3,883.13649,59930.74129479641,60623.98132231098,53.853772858348954,-331.0030508103664,-415.03613725372065,84.03308644335425,36.65615791484829,634.6364285714293,61348.55572802219,59791.05499999999,58233.554271977795,1
1782453600000,59953.3,60459.55,59702.0,60324.0,1504.97927,59968.1945048158,60612.217348887025,59.62426392499741,-261.0021602933921,-384.229341861655,123.22718156826289,34.76404924195972,623.7921428571436,61163.526688730366,59743.757999999994,58323.98931126962,1
1782457200000,60324.0,60759.99,60283.08,60532.0,2153.07079,60021.890266261915,60609.071570499305,58.393951577316415,-186.59118156593468,-344.70170980251095,158.11052823657627,33.39844557223625,614.9328571428575,60987.848645098515,59706.25749999999,58424.66635490147,0
1782460800000,60532.0,60580.0,60150.56,60245.67,803.85464,60043.20262185602,60594.82052851894,57.01816204125715,-149.00672607785236,-305.56271305757923,156.55598697972687,30.8336499210716,614.9400000000007,60749.68970566852,59656.34049999999,58562.99129433146,0
1782464400000,60245.9,60259.37,59583.33,59736.01,832.22202,60013.94618167926,60561.1416842633,53.755395995183115,-158.51877119598794,-276.15392468526096,117.63515348927302,26.593996577889275,638.4300000000009,60612.83443397043,59728.63249999999,58844.43056602956,0
1782468000000,59736.01,59858.93,59239.78,59313.26,1050.97441,59947.21416437647,60512.20514762552,48.769433609844526,-197.88839319798717,-260.5008183878062,62.61242518981902,23.567386945555743,652.515000000001,60617.35481864254,59720.720499999996,58824.08618135745,1
1782471600000,59313.26,59588.0,59259.78,59413.24,1048.3329,59896.3594820549,60469.10847516962,42.27584245863868,-218.50278772151796,-252.10121225454856,33.598424533030595,22.48754914383508,617.2592857142871,60617.95058350115,59713.48299999999,58809.015416498834,0
1782475200000,59413.24,60007.91,58969.9,59185.02,1710.35381,59828.612864716335,60418.752064378656,43.38684734511078,-250.369190408368,-251.75480788531246,1.3856174769444465,20.93146596364024,657.6978571428584,60625.175077485896,59707.102,58789.0289225141,1
1782478800000,59185.02,60216.14,58500.1,60175.43,2730.33879,59861.643068076686,60409.21002263832,53.19431533636493,-193.4754695458396,-240.0989402174179,46.6234706715783,19.595895267157896,748.0178571428581,60673.457167950364,59732.07300000001,58790.68883204966,0
1782482400000,60175.42,60294.0,59390.0,59590.73,1745.27867,59835.841823497954,60377.112766848586,49.40605826789298,-193.33850340516074,-230.74685285496648,37.40834944980574,18.253753387874195,793.7364285714294,60674.17194592793,59735.974,58797.77605407208,1
1782486000000,59590.73,60500.0,59584.01,60328.32,1582.87088,59882.74450697434,60375.19932501139,56.47033868956919,-132.18881764359685,-211.03524581269255,78.8464281690957,15.930844939722915,819.0878571428578,60738.73083197815,59786.38999999999,58834.04916802183,0
1782489600000,60328.18,60583.0,59970.0,60041.75,1128.46917,59897.88788726249,60362.122880893294,61.65660989712163,-105.63337931025308,-189.95487251220464,84.32149320195157,12.659282741817773,784.5000000000006,60761.25893391237,59815.646499999995,58870.03406608762,0
1782493200000,60041.76,60287.9,59952.0,60023.97,546.63522,59909.89570752321,60348.86198360336,49.87691829582952,-85.04238484042435,-168.97237497784857,83.92999013742423,12.354150599227236,680.3235714285719,60738.93398732308,59806.2515,58873.56901267692,0
1782496800000,60023.96,60158.0,59556.0,59668.01,504.21141,59886.85897347338,60322.161905814995,47.540085901143534,-96.33636484451563,-154.44517295118197,58.108808106666345,12.721106282453146,694.5664285714291,60731.50796974759,59797.0885,58862.66903025241,1
1782500400000,59668.01,60098.0,59617.37,59751.97,708.47753,59874.01240457116,60299.80143892029,48.057638911668036,-97.38941054749739,-143.03402047044506,45.644609922947666,13.14893822984188,706.6342857142861,60729.62474068899,59794.987,58860.34925931101,0
1782504000000,59751.96,59994.0,59571.31,59718.0,454.05927,59859.15408032628,60276.98569621753,43.74726571850726,-99.81445307208196,-134.39010699077244,34.57565391869048,14.606348161531301,682.7157142857146,60730.980141152904,59797.53250000001,58864.08485884711,1
1782507600000,59717.99,60050.0,59678.0,59918.7,287.90036,59864.82512029521,60262.93527675802,43.662396818901364,-84.56667210904561,-124.42542001442708,39.85874790538146,16.205066832905356,675.2221428571435,60740.42966071589,59821.8925,58903.35533928411,1
1782511200000,59918.7,60080.0,59754.0,60048.0,335.92054,59882.270346933765,60254.50644237535,47.888840234537724,-61.34215229914116,-111.8087664713699,50.466614172228745,17.866264556868906,667.8335714285719,60601.210201017646,59896.19300000001,59191.17579898237,1
1782514800000,60048.0,60117.64,59923.27,60097.27,319.40861,59902.746504368646,60248.34030738024,54.27915549280287,-38.516877208210644,-97.15038861873805,58.633511410527404,19.02510626205663,633.4285714285719,60607.35642140647,59899.25600000001,59191.15557859355,0
1782518400000,60097.27,60197.0,59876.22,60059.07,360.77885,59917.63445633354,60240.91794238494,59.71964833537941,-23.242181598987372,-82.36874721478792,59.126565615800544,18.366320483867035,612.1164285714289,60617.864440853,59906.186,59194.507559147,0
1782522000000,60059.09,60068.0,59936.07,59945.53,245.35114,59920.29117477796,60229.3341015071,56.91255191329217,-20.06728126014059,-69.90845402385845,49.841172763717864,16.663403639664615,598.0957142857145,60617.37612572202,59905.7975,59194.21887427798,1
1782525600000,59945.53,60378.23,59921.68,60290.01,695.38686,59955.50249146577,60231.71354850682,63.92927645262878,10.128749276111193,-53.90101336386453,64.02976263997573,15.57061562041812,556.5628571428575,60611.6218981898,59904.098,59196.5741018102,1
1782529200000,60290.01,60412.0,60159.91,60305.73,438.61125,59988.857492278556,60234.61615444773,52.17766249740959,34.92519771018851,-36.13577114905392,71.06096885924244,15.932122603056683,451.995,60564.35614481943,59892.784499999994,59221.21285518056,0
1782532800000,60305.73,60482.0,60217.26,60239.99,303.30454,60012.774873966315,60234.82689348899,63.128139179385045,48.71039009917877,-19.166538899407385,67.87692899858615,16.48910849089283,406.3335714285713,60563.44831695215,59892.5005,59221.552683047856,0
1782536400000,60240.0,60311.0,60136.0,60236.76,444.9193,60034.10679073143,60234.90270158747,47.366574245579386,58.69798652816098,-3.593633813893712,62.29162034205469,16.447761663202204,353.4057142857143,60601.150682078944,59917.538,59233.92531792106,1
1782540000000,60236.75,60500.0,60093.33,60370.62,581.81791,60066.155667804625,60240.22494858404,60.369802801268925,76.5323941402894,12.43157177694291,64.10082236334648,16.385191673656184,338.66785714285703,60619.94523906932,59970.406,59320.86676093069,1
1782543600000,60370.63,60574.0,60300.0,60548.07,825.68653,60112.05227087085,60252.297303541534,65.01392246960546,103.78861213679193,30.70297984891272,73.0856322878792,17.315882358339085,334.24642857142834,60669.98669550629,60027.14750000001,59384.30830449372,0
1782547200000,60548.06,60548.74,60371.62,60456.0,470.55782,60144.809197454575,60260.28564457912,76.59450958156987,116.61580729489651,47.88554533810948,68.73026195678703,20.350911410495026,303.8978571428566,60625.16462342662,60090.696500000005,59556.22837657339,0
1782550800000,60456.0,60511.99,60289.55,60414.62,307.96541,60170.50546436366,60266.33797224268,73.02611004162884,122.03568034133059,62.7155723387537,59.32010800257689,22.760230437180343,285.45571428571355,60655.49611319178,60102.655999999995,59549.81588680821,1
1782554400000,60414.62,60487.31,60380.0,60420.28,137.8511,60194.293515376645,60272.37491450768,74.89295335318316,125.3428095903364,75.24101978907024,50.101789801266165,24.63119767712242,262.92857142857036,60658.385541800526,60144.133499999996,59629.88145819947,0
1782558000000,60420.28,60447.8,60198.94,60363.65,275.39332,60210.422704388395,60275.95432962503,67.56571103724379,121.98796430576476,84.59040869240914,37.39755561335562,24.126623178030048,254.13285714285615,60663.05058143051,60145.9,59628.749418569496,1
1782561600000,60363.65,60430.01,60257.03,60430.0,349.0457,60231.334827779974,60281.995336306405,65.8693231858291,123.26222552947729,92.32477205982278,30.937453469654514,23.7785509291293,243.20285714285637,60694.997833158646,60165.3125,59635.627166841354,1
1782565200000,60430.0,60665.74,60394.0,60588.35,434.13389,60265.33627275331,60294.009244686546,68.70552923072258,135.48778944514925,100.95737553688807,34.53041390826118,25.289577139777666,248.7292857142846,60750.92164167175,60193.5315,59636.14135832824,1
1782568800000,60588.35,60728.0,60510.0,60611.5,306.64293,60298.3042467768,60306.459862541975,71.28644199721037,145.3689259665989,109.83968562283023,35.52924034376868,28.066538191558244,241.38785714285612,60769.809324638365,60240.70599999999,59711.60267536162,1
1782572400000,60611.49,60941.17,60570.0,60840.06,606.25294,60349.90003279806,60327.385358128566,81.66186474873128,169.68663776014728,121.80907605029365,47.87756170985362,31.40224165284644,258.4764285714274,60836.24564332978,60295.110499999995,59753.97535667021,0
1782576000000,60840.06,60855.03,60673.64,60807.99,239.6938,60393.527648722054,60346.232598986266,73.53983748704815,184.24693460397248,134.29664776102942,49.95028684294306,33.840740505372054,238.82214285714144,60864.956454380284,60349.61,59834.26354561972,0
1782579600000,60808.0,60818.76,60413.15,60524.88,548.67896,60406.037396462816,60353.23837941818,58.0121525873603,170.97062091062253,141.63144239094805,29.339178519674476,32.82966001462807,249.787857142856,60858.55253378046,60379.918999999994,59901.28546621953,1
1782583200000,60524.89,60576.03,60446.25,60570.86,229.00634,60421.734787275884,60361.772560617464,62.27399191304695,162.28848772170022,145.7628514570985,16.52563626460173,31.541822270749833,240.14785714285608,60865.07625211701,60406.062,59947.047747882985,0
1782586800000,60570.86,60605.41,60085.88,60175.95,414.61342,60398.326712297225,60354.48540137757,48.25211407679071,122.13401314095972,141.03708379387075,-18.903070652911026,31.516949936804288,264.75714285714224,60859.10890421547,60409.996,59960.88309578453,1
1782590400000,60175.95,60306.0,60173.07,60300.0,220.12001,60388.96226350701,60352.348718970614,47.95862914228884,99.177840598888,132.6652351548742,-33.487394555986214,32.01109792657468,245.20428571428525,60843.602036352466,60422.0425,60000.48296364754,0
1782594000000,60300.0,60482.18,60142.0,60203.82,280.50282,60371.329666982536,60346.524063324716,39.558373017076626,72.38952489670191,120.61009310323975,-48.220568206537834,31.682513492758044,249.9314285714281,60808.09597888366,60434.95700000001,60061.818021116356,1
1782597600000,60203.83,60256.56,59855.16,60228.95,377.17485,60357.76969869848,60341.91331574335,42.82173365960368,52.58124877793307,107.00432423817841,-54.42307546024534,29.320614574881205,265.95142857142804,60810.9882562867,60431.904,60052.819743713306,0
1782601200000,60228.96,60320.0,59952.0,60029.0,493.73947,60326.458298822436,60329.642205322045,38.91947496666808,20.512300265756494,89.70591944369404,-69.19361917793755,27.207187769519894,276.34857142857123,60834.86757293062,60418.067500000005,60001.26742706939,1
1782604800000,60029.01,60190.0,60018.0,60146.0,462.24707,60309.27179417268,60322.44055021137,42.59271262058314,4.486630630679429,72.66206168109112,-68.17543105041169,24.67094034580588,280.9692857142857,60840.61089931486,60413.368,59986.125100685145,1
1782608400000,60146.0,60273.38,59986.0,60222.22,267.56528,60300.98114710862,60318.51033255603,46.22049053719648,-2.0399952159568784,57.72165030168152,-59.7616455176384,22.98072277524206,283.72071428571405,60841.19670244868,60412.641,59984.085297551326,0
1782612000000,60222.21,60339.99,60054.0,60150.45,403.64282,60286.64484738399,60311.91973127932,42.5510144263308,-12.855442871106789,43.606231667123865,-56.46167453823065,21.1471527038446,291.7928571428565,60845.76134986135,60401.63249999999,59957.503650138635,1
1782615600000,60150.46,60275.0,60150.45,60197.04,255.71231,60278.11105239504,60307.414643778175,38.91265789071059,-17.46600222633424,31.391784888432245,-48.85778711476648,19.637285463337225,281.27928571428544,60831.57521970534,60384.08099999999,59936.586780294645,0
1782619200000,60197.03,60231.83,60088.04,60133.0,191.50597,60264.29095216694,60300.57485382609,36.74926338642868,-25.98782505762938,19.915862899219924,-45.9036879568493,18.381000185613853,275.97857142857123,60827.64383718175,60367.931,59908.218162818244,0
1782622800000,60133.01,60140.0,59753.48,59989.17,345.08439,60238.08895672247,60288.36289877409,25.27675598403121,-43.841927560119075,7.164304807352124,-51.0062323674712,18.638788845715254,277.0749999999997,60835.71239595487,60346.6585,59857.604604045126,1
1782626400000,59989.18,60030.0,59808.0,60002.82,217.95005,60215.682389415575,60277.165138037846,26.35205385306743,-56.241672511525394,-5.51689065642338,-50.724781855102016,19.659898668097487,279.975714285714,60836.75285578004,60325.7855,59814.81814421996,1
1782630000000,60002.82,60259.68,60000.0,60219.99,361.83587,60216.09263804266,60274.92297576185,40.68452217272555,-47.991539097252826,-14.011820344589271,-33.97971875266356,20.583902111120807,269.55214285714254,60831.36454420169,60318.6025,59805.84045579831,1
1782633600000,60220.0,60545.01,60140.14,60370.0,491.6084,60230.750482038595,60278.65148651629,44.22981901752374,-29.01423754364805,-17.012303784401027,-12.001933759247024,20.55404307046938,289.20142857142855,60826.31833228085,60315.6025,59804.886667719155,0
1782637200000,60370.01,60462.0,60250.81,60258.84,222.4062,60233.42567422539,60277.874565476435,52.84503174875574,-22.682799146445177,-18.146402856809857,-4.53639628963532,20.727998544101105,267.17714285714254,60793.80341353685,60299.127,59804.45058646315,0
1782640800000,60258.85,60292.48,60068.0,60166.71,181.18756,60227.07180048964,60273.51517075187,45.32259988910958,-24.813178759512084,-19.479758037350305,-5.3334207221617795,19.541267957250337,273.7164285714285,60752.04133560451,60276.8875,59801.733664395484,1
1782644400000,60166.71,60374.05,60100.0,60342.0,225.05378,60238.017343300155,60276.20085033023,54.593933268614414,-12.216260464796505,-18.027058522839546,5.810798058043041,19.043496631463466,268.99285714285725,60648.5715795188,60251.9845,59855.3974204812,0
1782648000000,60341.99,60457.02,60190.0,60293.51,212.9354,60243.30235822395,60276.879640513354,52.11353368689859,-6.075811539143615,-15.636809126100362,9.560997586956747,18.572025062450255,259.394285714286,60525.886230711505,60226.2605,59926.63476928849,0
1782651600000,60293.5,60293.51,59963.86,60071.88,369.88204,60226.976419345476,60268.8404389246,51.3841366576714,-18.875564528570976,-16.284560206594485,-2.5910043219764916,17.330960653029397,256.65500000000037,60475.38179738688,60203.610499999995,59931.83920261311,0
1782655200000,60071.89,60250.0,60018.0,60033.0,318.13606,60208.50247464591,60259.591794260894,46.15870987041598,-31.790293343321537,-19.385706833939896,-12.404586509381641,16.089896243608532,260.9407142857147,60397.05425631721,60176.71749999999,59956.38074368277,0
1782658800000,60033.01,60130.0,59817.28,59890.0,467.03244,60178.16890563202,60245.097998407524,39.19708124138296,-52.953795482018904,-26.099324563555697,-26.854470918463207,16.73382476370648,262.75071428571493,60417.35954907858,60162.42,59907.480450921415,0
1782662400000,59890.35,59943.9,59582.34,59690.62,567.70369,60131.7356765242,60223.35376317585,36.193364359705974,-84.83638210940262,-37.84673607272508,-46.98964603667754,18.670847470523245,268.1485714285726,60454.38323992543,60131.951,59809.51876007457,0
1782666000000,59690.62,59848.0,59403.77,59586.01,519.06441,60079.76180256951,60198.35989011013,32.27120532476056,-117.19377753417211,-53.716144365014486,-63.47763316915763,20.004847591107175,290.98285714285834,60503.06182806688,60101.0605,59699.05917193312,1
1782669600000,59586.0,59700.0,59502.0,59614.46,272.01169,60035.447345181936,60175.46185520385,34.63749051952975,-138.93995597198955,-70.7609066864095,-68.17904928558005,20.66259486225376,294.8550000000011,60522.038859080174,60070.335999999996,59618.63314091982,0
1782673200000,59614.46,59682.0,59270.26,59481.79,301.99561,59982.71807421222,60148.25903735272,34.868060029107966,-164.97756066291186,-89.60423748170997,-75.37332318120188,18.99425440191047,296.6564285714298,60565.89730884671,60042.9755,59520.05369115329,1
1782676800000,59481.78,59765.9,59474.28,59660.0,227.14803,59951.983019525345,60129.1116241232,40.689703869467905,-169.28112490037893,-105.53961496544377,-63.74150993493515,16.940686532116406,301.6292857142871,60566.03676284406,60018.6755,59471.31423715594,0
1782680400000,59660.0,59796.66,59333.33,59445.95,531.65984,59903.789398618166,60102.3209721968,28.942958497464545,-187.79894730978413,-121.99148143431185,-65.80746587547227,18.104288512829065,316.1757142857158,60574.50033351757,59979.862,59385.22366648243,0
1782684000000,59445.96,59906.0,58905.0,59067.01,983.67622,59824.09612255929,60061.720541914576,18.479454639579203,-230.39588569539046,-143.67236228652757,-86.72352340886289,22.132438738142547,358.75642857142986,60640.21324156528,59925.69,59211.16675843472,1
1782687600000,59067.0,59848.0,59011.99,59577.01,510.09283,59800.564110886975,60042.71228536891,36.173871429556414,-220.46020054798282,-159.0299299388186,-61.43027060916421,26.084598208675686,403.38642857142986,60613.43104344588,59894.688500000004,59175.945956554126,1
1782691200000,59577.01,59700.0,59000.01,59667.01,549.31747,59787.84467175488,60027.97886241326,39.85833739243386,-202.98397770545125,-167.82073949214515,-35.1632382133061,30.411508782891563,437.3514285714295,60587.81203030667,59871.389,59154.96596969334,0
1782694800000,59667.0,59697.0,59206.0,59440.95,647.05387,59754.8070839687,60004.958122710785,32.08199270592624,-205.01184895183542,-175.25896138408322,-29.752887567752197,34.94693286155944,452.84785714285783,60583.02039783234,59843.978,59104.935602167665,1
1782698400000,59440.95,59812.0,58900.01,59757.46,1223.86338,59755.05974263835,59995.252313977035,40.367094476331445,-179.01565862975258,-176.01030083321712,-3.0053577965354634,38.64788567751442,498.91714285714363,60567.79021865475,59831.71,59095.62978134525,1
1782702000000,59757.47,60233.0,59757.47,60049.46,780.88525,59783.097862387076,59997.37810558578,49.607047210420816,-133.31476127051428,-167.47119292067657,34.15643165016229,41.40017862196334,509.3378571428579,60544.120988998344,59823.1835,59102.246011001655,0
1782705600000,60049.45,60053.99,59746.0,59830.0,361.46912,59787.564732635925,59990.81425830791,46.653853508014265,-113.49673899453046,-156.67630213544737,43.17956314091691,44.172413367787776,514.7657142857149,60469.78728475236,59796.1835,59122.57971524764,1
1782709200000,59830.01,60102.8,59392.02,60102.8,496.75535,59817.58713905155,59995.205856021326,53.3637461509766,-74.91456497209583,-140.3239547027771,65.40938973068126,45.98505486022869,543.1985714285723,60442.762685621856,59788.381499999996,59134.000314378136,0
1782712800000,60102.8,60346.27,60050.67,60075.49,683.16036,59842.14931628473,59998.354253824415,56.43365083398239,-46.01121421409334,-121.46140660504034,75.450192390947,45.50198906524292,538.4871428571433,60428.295444006086,59783.820499999994,59139.3455559939,0
1782716400000,60075.5,60186.94,59936.0,60026.0,536.94262,59859.65890521,59999.43840073326,57.493145319232234,-26.789714740290947,-102.52706823209047,75.73735349179952,44.45574412533217,524.6807142857148,60368.89644566868,59768.0205,59167.14455433132,0
1782720000000,60026.01,60093.99,59745.46,59840.0,550.67382,59857.78662852333,59993.185914429996,53.645385485695826,-26.26244632359885,-87.27414385039215,61.0116975267933,43.931263428228064,535.4328571428575,60294.747508510794,59745.344999999994,59195.94249148919,1
1782723600000,59840.01,60104.0,59778.76,60057.0,747.08903,59876.759330568726,59995.68842758961,59.050358263343185,-8.239515839595697,-71.46721824823287,63.22770240863717,43.157857684123144,529.2542857142861,60292.17891366407,59744.601,59197.02308633593,1
1782727200000,60057.0,60311.95,60056.99,60088.0,441.90219,59896.877489562175,59999.30848925276,57.06126139205836,8.447845831222367,-55.484205432341824,63.93205126356419,42.385722005823574,526.6357142857144,60301.53985338566,59747.351,59193.16214661435,0
1782730800000,60088.0,60216.0,59796.0,59956.05,515.67042,59902.512966746726,59997.61207790952,58.650102424267175,10.899791917123366,-42.20740596244879,53.107197879572155,40.6734832132705,523.5407142857142,60309.191725625904,59750.6535,59192.1152743741,0
1782734400000,59956.05,60780.57,59595.09,59948.78,2600.10754,59906.91935086608,59995.69709446209,67.1094553427633,12.116675124969333,-31.342589744965167,43.4592648699345,36.41305937070434,536.7178571428574,60328.15753996883,59763.561499999996,59198.96546003116,0
1782738000000,59948.79,60340.0,59319.9,59580.0,2144.2543,59875.78417459312,59979.39524762044,50.06138042313483,-16.48635569652106,-28.371342935276346,11.884987238755286,32.02466277317966,549.8671428571428,60328.261186824435,59763.261,59198.26081317556,0
1782741600000,59580.0,59699.99,59011.0,59469.67,1999.07246,59837.10663415568,59959.406022223564,45.98242642388306,-47.50951254302345,-32.198976856825766,-15.310535686197682,28.40972935898987,549.0814285714285,60332.640590407325,59756.021499999995,59179.402409592665,1
1782745200000,59469.45,59960.0,59097.58,59824.01,1368.0568,59835.85933566466,59954.09637429323,57.411463331579164,-43.0075469664298,-34.360690878746574,-8.646856087683226,23.782400509401064,575.6114285714284,60335.62493782057,59773.13249999999,59210.64006217942,1
1782748800000,59824.01,60030.0,59584.48,59892.86,663.03532,59841.287970363264,59951.69494785035,52.897397050389905,-33.497943771479186,-34.1881414572931,0.6901976858139136,18.966760737646776,542.2921428571426,60347.0479194768,59784.7755,59222.50308052321,1
1782752400000,59892.87,60683.84,59892.0,60413.99,1795.75633,59895.83102080486,59969.82416558171,57.10388157663956,15.905966922815423,-24.169319781271398,40.07528670408682,16.82565085323844,564.8849999999994,60437.71593124982,59833.177500000005,59228.63906875019,0
1782756000000,60413.99,60520.0,60193.87,60295.0,525.48841,59933.84711406154,59982.57615908831,59.43113043760443,44.939390208397526,-10.347577783337615,55.28696799173514,14.68833837581512,566.1807142857136,60415.069945909134,59894.577000000005,59374.084054090876,1
1782759600000,60295.0,60557.5,60153.35,60433.49,501.01522,59981.432150817585,60000.25905481034,57.093520611944484,78.2218797887399,7.366313731077888,70.855566057662,13.175937700873574,544.2785714285704,60487.948446127964,59937.401,59386.85355387203,0
1782763200000,60433.5,60553.06,60295.32,60296.0,312.86249,60011.39099359686,60011.85673893543,54.51659286144424,92.4386237073777,24.380775726337852,68.05784798103986,12.490614670332947,541.5742857142848,60526.18199136061,59968.8505,59411.51900863939,1
1782766800000,60296.01,60585.99,60261.89,60479.72,294.76243,60055.99375611145,60030.20431780071,58.80893396600063,117.17939317403216,42.94049921587671,74.23889395815544,12.21197180550619,546.7999999999987,60564.4208241296,60020.789000000004,59477.15717587041,0
1782770400000,60479.71,60516.0,60350.0,60352.31,211.76202,60084.2143507675,60042.83591318107,60.17800735074994,125.06404853196727,59.365209079094825,65.69883945287245,12.090479066057927,533.7621428571417,60598.574063859065,60050.531500000005,59502.488936140944,0
1782774000000,60352.31,60379.23,60194.01,60260.21,252.18558,60100.9758411706,60051.36038717397,54.247967054790216,122.46924519664753,71.98601630260536,50.48322889404217,12.007551546868402,523.7607142857133,60617.071412562116,60061.068999999996,59505.066587437876,0
1782777600000,60260.2,60276.54,59700.0,59838.01,709.83194,60075.93147534483,60042.993705324014,45.508704478899084,85.3608466268488,74.66098236745405,10.699864259394744,11.358878431265081,546.7307142857135,60616.78220847026,60061.46949999999,59506.15679152973,1
1782781200000,59838.01,60048.98,59771.0,59939.94,341.19535,60062.97990626437,60038.9523835466,49.70741328645165,63.445709894069296,72.41792787277711,-8.972217978707818,10.29304579983828,536.586428571428,60610.85922456342,60053.3265,59495.793775436585,1
1782784800000,59939.94,60042.54,59755.0,59948.24,424.27619,60052.05229614396,60035.39503517222,49.99019629201976,46.21481120151293,67.17730453852428,-20.962493337011352,10.72924897469012,472.4478571428564,60606.333068200154,60046.964,59487.594931799846,0
1782788400000,59948.24,60031.75,59600.0,59627.48,381.85931,60011.61683936834,60019.398367126254,50.8772967140176,6.600462525559124,55.061936135931255,-48.46147361037213,10.956365045689553,430.4228571428565,60617.101647079166,60027.038,59436.974352920835,0
1782792000000,59627.47,59700.0,59433.36,59492.01,774.8482,59962.13047371421,59998.7164703762,50.4089807336024,-35.318362933103344,36.98587632212434,-72.30423925522769,10.171442022121207,400.2549999999995,60641.935674711836,60009.6385,59377.341325288166,1
1782795600000,59492.01,59656.89,59360.0,59652.13,807.92024,59932.60661907476,59985.12484408694,46.612481079717334,-54.98515367213258,18.591670323272957,-73.57682399540553,11.15426993716946,359.85999999999956,60640.939220174085,59989.395000000004,59337.85077982592,0
1782799200000,59652.13,59712.88,59513.72,59592.0,708.76994,59900.16789344859,59969.70818353451,44.05001107489788,-74.56369167367666,-0.039402076116966,-74.52428959755969,12.256976515601334,342.26285714285666,60637.737031857156,59964.59500000001,59291.45296814286,0
1782802800000,59592.0,59632.0,59444.0,59524.01,762.40668,59864.34333216777,59952.22982339591,28.555732253867134,-94.47697709741624,-18.92691708037682,-75.55006001703941,17.395970612731,299.13142857142833,60644.42463730678,59942.993,59241.561362693225,0
1782806400000,59524.01,59551.03,59189.0,59311.92,879.64073,59811.73158624703,59927.11963424313,27.3295821418686,-125.92075368754013,-40.32568440180948,-85.59506928573064,22.72935915765772,301.69571428571413,60667.17425923213,59911.15,59155.12574076787,1
1782810000000,59311.26,59420.0,59252.0,59374.96,442.65865,59770.13429231874,59905.46631525321,24.709592641261352,-144.0923649340839,-61.079020508264364,-83.01334442581953,27.66816475398851,284.8278571428569,60681.00697432017,59900.898,59120.789025679835,0
1782813600000,59374.96,59420.0,59286.36,59334.01,300.40182,59728.598645431244,59883.056263674654,25.904589196527283,-159.9539707262884,-80.85401055186918,-79.09996017441921,33.04742972304293,275.9635714285713,60692.1641728552,59894.115000000005,59096.06582714481,0
1782817200000,59334.01,59413.27,59123.01,59192.7,466.77156,59677.5606791997,59855.98346902075,17.063670795372815,-181.83091007087933,-101.04939045567122,-80.78151961520811,38.497432405528045,273.5464285714282,60720.00380644506,59862.5495,59005.095193554946,0
1782820800000,59192.71,59192.71,58403.51,58412.0,2043.39825,59557.03109070449,59799.35666631405,12.787820903766047,-259.1768778186888,-132.67488792827473,-126.50198989041408,43.564399734389106,318.0607142857137,60863.17759042774,59788.506499999996,58713.83540957225,1
1782824400000,58411.99,58802.66,58228.33,58737.18,2504.50868,59478.95003444692,59757.70267939978,23.1876965111242,-290.88170294509473,-164.31625093163873,-126.565452013456,49.09781558882024,345.85428571428514,60834.11239320896,59704.666000000005,58575.21960679105,0
1782828000000,58737.17,59276.6,58433.0,58482.81,1779.99006,59384.07955497578,59707.70688805077,24.64394500699744,-332.69839838094776,-197.99268042150055,-134.7057179594472,52.664258780276995,364.92999999999927,60831.43675113077,59614.05649999999,58396.67624886921,0
1782831600000,58482.81,58796.0,58201.0,58381.99,1563.15031,59288.642454501896,59655.71799048016,20.83834039000739,-369.7119529431584,-232.33653492583215,-137.37541801732624,56.593943428073246,387.5742857142847,60782.67271069924,59511.481499999994,58240.29028930075,1
1782835200000,58382.0,58632.0,58241.79,58497.65,1178.89718,59213.30983978743,59610.30355948094,23.89701251354107,-385.2714962275786,-262.92352718618145,-122.34796904139716,59.945765609783784,394.907857142856,60713.346578632714,59421.564,58129.78142136728,0
1782838800000,58497.65,58618.65,58310.72,58417.99,632.53618,59137.565093141005,59563.546164991494,26.16759080823958,-399.42610710594454,-290.2240431701341,-109.20206393581043,63.44089705031565,386.06357142857036,60583.49389000617,59318.4775,58053.461109993834,1
1782842400000,58417.99,58699.98,58351.56,58680.87,605.07781,59094.070322365675,59528.9314134232,34.78104244061697,-384.99355315473804,-309.1779451670549,-75.81560798768317,66.76139054012607,391.90499999999935,60431.33121375128,59234.90549999999,58038.47978624871,1
1782846000000,58680.86,58839.16,58586.01,58818.05,678.6415,59067.78267261656,59501.053710936016,34.21474965555895,-358.35547181798756,-319.0134504972414,-39.34202132074614,68.11024706387867,388.78071428571377,60269.50829637627,59162.7975,58056.08670362373,0
1782849600000,58818.0,58874.99,58648.26,58732.01,428.82351,59035.80432284355,59470.89513403657,33.8824605396816,-340.2649468753152,-323.26374977285616,-17.00119710245906,69.48147193012616,390.7499999999995,60182.216154725866,59107.4975,58032.77884527413,0
1782853200000,58732.0,58770.0,58509.99,58639.99,398.14222,58998.10772066797,59438.31061897631,33.57999925703041,-329.5544222407407,-324.52188426643306,-5.0325379743076155,66.51580780072943,395.8935714285711,60061.00821085494,59042.5,58023.99178914506,0
1782856800000,58639.99,58806.91,58513.8,58607.99,274.43078,58960.95365203293,59405.74902607528,35.987594603095076,-319.96008616247855,-323.6095246456422,3.6494384831636353,62.66247011187735,390.97071428571405,59916.49207221048,58975.4875,58034.482927789526,1
1782860400000,58607.99,58664.0,58555.0,58624.71,551.65078,58928.93044707741,59375.120044660565,34.78497175003764,-307.4630982246599,-320.3802393614458,12.917141136785858,58.512808724176466,386.75642857142833,59826.07956596238,58925.349,58024.61843403763,0
1782864000000,58624.71,58750.68,58310.0,58576.0,670.64661,58895.31802354622,59343.782003693486,34.67583139593661,-298.0538558434637,-315.91496265784934,17.861106814385664,54.528334670166444,408.68785714285696,59751.65848739653,58879.5485,58007.43851260346,1
1782867600000,58575.99,59022.81,57800.19,58770.57,2987.12539,58883.43725939896,59321.30310158786,41.64598596482906,-271.76406359787507,-307.08478284585453,35.32071924797947,49.91321055921462,475.28499999999985,59628.71459606105,58835.470499999996,58042.22640393894,1
1782871200000,58770.58,59171.63,58663.95,59085.0,692.74758,58902.63371088477,59312.0363132903,66.33304857686468,-222.98688661232154,-290.2652035991479,67.27831698682638,43.1850095742706,455.17642857142863,59530.63896357797,58810.1205,58089.602036422024,1
1782874800000,59085.0,59318.0,58850.0,59197.13,715.44075,58930.6809765148,59307.53018335735,62.449991608876,-173.28514525199716,-266.8691919297178,93.58404667772061,37.214079624530825,447.58142857142855,59458.80410937614,58793.7765,58128.74889062386,1
1782878400000,59197.12,59457.0,59062.0,59339.99,480.11636,58969.662788275295,59308.803117343334,74.69291574483755,-120.97403569331073,-237.69016068243639,116.71612498912566,33.454595952971424,415.5385714285715,59464.91369108053,58795.18000000001,58125.44630891948,0
1782882000000,59339.99,59376.48,59126.42,59154.33,432.30487,58987.250141772885,59302.74534803575,71.21207127633859,-93.42141098843422,-208.83641074363598,115.41499975520176,29.97103353722965,390.90000000000043,59420.08796664171,58784.148499999996,58148.20903335828,0
1782885600000,59154.33,59156.0,58534.31,58755.8,794.13401,58965.20727112785,59281.29651085788,56.13652247086847,-102.56153224826994,-187.5814350445628,85.01990279629285,26.917197366735085,407.4342857142864,59336.113909009204,58755.238,58174.36209099079,1
1782889200000,58755.8,58823.9,58600.0,58768.65,479.85852,58946.48753102044,59261.19272611836,58.609040646574236,-107.52873229802935,-171.57089449525614,64.04216219722679,24.05711179623011,401.43214285714356,59277.42561150651,58734.0355,58190.64538849349,1
1782892800000,58768.64,58984.0,58500.0,58973.99,381.93254,58949.106813780396,59249.929874113725,57.405610801196445,-93.81461572962871,-156.01963874213067,62.205023012501954,21.803208168100827,411.1164285714289,59293.39477863934,58762.13500000001,58230.87522136068,0
1782896400000,58973.99,59091.99,58825.61,58944.55,417.79405,58948.67283151559,59237.954192775935,53.38000320632717,-84.34931510504248,-141.68557401471304,57.33625890967056,20.378719381176815,412.0614285714286,59309.772988050856,58772.50349999999,58235.23401194913,0
1782900000000,58944.55,58948.47,58624.0,58659.98,405.70309,58921.178276133156,59215.28853815727,48.26000202915217,-98.67297626692016,-133.08305446515448,34.41007819823432,19.39015392466495,419.04285714285754,59304.16771855279,58781.362,58258.556281447214,0
1782903600000,58659.97,58755.9,58550.0,58622.03,396.69177,58892.68796412047,59192.02349744522,49.554510457594176,-111.79808998329827,-128.82606156878325,17.027971585484977,18.151336012960634,415.17785714285753,59287.81859025808,58793.364,58298.90940974192,0
1782907200000,58622.02,58676.0,58326.0,58538.01,1716.61119,58858.909110394714,59166.37590931011,48.30784706303387,-127.50969657039968,-128.56278856910654,1.0530919987068614,18.103314928960277,419.2414285714289,59285.061341421155,58795.382,58305.70265857884,1
1782910800000,58538.0,59508.0,58536.0,59498.03,2321.79547,58919.777766547595,59179.381952082265,64.50177345005787,-61.78346587287524,-115.20692402986029,53.42345815698505,16.051859205644682,480.884285714286,59398.440222388104,58849.384,58300.32777761189,1
1782914400000,59498.03,60092.0,59278.0,59542.0,3726.2091,58979.037026876395,59193.60226768688,66.06604708715591,-6.076892353470612,-93.38091769458235,87.30402534111174,14.938304867200461,507.5500000000003,59515.87592345616,58892.440500000004,58269.00507654385,1
1782918000000,59541.99,60536.55,59520.51,60147.15,2322.06211,59090.2858814596,59230.99629640504,70.14357959800066,85.91118538798037,-57.52249707806982,143.4336824660502,15.517379713813744,492.79428571428645,59795.76024373354,58958.895500000006,58122.030756266475,0
1782921600000,60147.15,60267.17,59865.75,59920.0,862.80045,59169.306273701535,59258.0160494872,62.538893093547706,138.88234389894205,-18.241528882667442,157.1238727816095,17.868137881249762,485.2042857142863,59950.559494262845,59018.295000000006,58086.030505737166,1
1782925200000,59920.0,60239.84,59787.35,60190.6,480.08928,59266.572342872816,59294.58796911516,64.24080662593789,200.38758382748347,25.48429365936274,174.90329016812072,19.051509700948657,484.096428571429,60146.065666608025,59095.8255,58045.58533339197,0
1782928800000,60190.59,60298.0,60016.4,60171.16,343.31457,59352.7235483135,59328.96334287535,62.35136074943026,244.74106144867983,69.33564721722617,175.40541423145368,20.82017325408742,475.9964285714289,60301.20290885492,59173.98400000001,58046.765091145106,0
1782932400000,60171.16,60352.93,60000.0,60028.67,548.14825,59417.09940085508,59356.40281962534,63.16174522507767,265.33514150574774,108.5355460749305,156.79959543081725,22.056875533364916,483.3442857142857,60401.828230183004,59244.18200000001,58086.53576981701,1
1782936000000,60029.39,60198.0,59876.0,60126.0,313.10277,59484.61374363079,59386.583101208664,72.68302696403032,286.2105587412807,144.07054860820054,142.14001013308015,24.2709707567623,461.93785714285696,60498.358727301405,59321.68200000001,58145.00527269861,1
1782939600000,60126.0,60846.95,60124.89,60815.99,1153.57611,59611.41148233262,59442.63827371028,77.68576265869004,354.3462211481383,186.1256831161881,168.22053803195018,27.15352602979039,497.52071428571384,60745.574283935646,59423.953,58102.33171606436,0
1782943200000,60815.99,61334.0,60339.0,60478.01,1877.61599,59693.944674491424,59483.241086505965,69.63421320592161,376.7293615392846,224.24641880080742,152.48294273847716,30.597672842646865,534.0207142857138,60884.995575831046,59493.603500000005,58102.21142416896,0
1782946800000,60478.0,60478.0,59984.86,60024.0,573.62579,59725.37851501605,59504.44731840769,62.6854726688556,353.75547595926037,250.148230232498,103.60724572676236,32.89114372380788,550.2185714285713,60938.33423900957,59534.947,58131.55976099043,0
1782950400000,60024.0,60028.0,59588.0,59761.73,857.93081,59728.84056120499,59514.53683533288,63.01575712898448,310.80276815771504,262.2791378175414,48.52363034017361,34.19106242966496,558.470714285714,60959.76090725952,59556.034,58152.30709274048,1
1782954000000,59761.74,60324.99,59715.8,60175.92,634.42084,59771.41955537594,59540.473430025704,66.85855388067122,306.64924759344285,271.1531597727217,35.49608782072113,36.045220375560305,587.2771428571422,61023.583841618725,59607.1135,58190.643158381274,1
1782957600000,60175.91,60495.24,60015.68,60423.1,520.9397,59833.48435962585,59575.086236691364,69.75252369665765,319.6185491730794,280.84623765279326,38.77231152028611,38.038106926068295,596.5314285714277,61092.165372056676,59690.478500000005,58288.791627943334,1
1782961200000,60423.11,61121.78,60300.02,61058.0,891.65369,59950.10489680434,59633.23971760543,67.54095779969194,376.7845997078548,300.0339100638056,76.7506896440492,41.890214840997885,585.7999999999993,61262.46660655876,59804.945999999996,58347.42539344123,0
1782964800000,61057.99,61058.0,60728.0,60787.98,793.20588,60029.90252568012,59678.52365024835,63.3325486335524,395.7389173666452,319.17491152437356,76.56400584227163,44.14319190439939,551.2285714285707,61361.18509872493,59895.6455,58430.10590127507,0
1782968400000,60787.98,60877.69,60488.0,60504.54,836.16486,60075.10609466296,59710.91644827783,54.10699633876428,383.4687227418617,332.0336737678712,51.43504897399049,43.812824278021466,506.4892857142851,61391.320742028896,59973.645000000004,58555.96925797111,0
1782972000000,60504.54,60652.74,60260.0,60274.01,838.53408,60094.04932374268,59732.99854834537,54.06499677335646,351.095450910565,335.84602919641,15.249421714155005,43.10145733153276,505.86928571428507,61334.21657393693,60054.34650000001,58774.47642606308,0
1782975600000,60274.01,60315.93,60104.0,60149.99,593.99067,60099.377007195755,59749.35115429261,49.51744264804089,311.83735530587,331.044294418302,-19.206939112431996,42.61933489507249,488.6864285714281,61218.64002653368,60130.74450000001,59042.84897346634,1
1782979200000,60149.99,60555.06,60132.51,60511.99,573.38622,60138.67348270092,59779.25856000663,53.745096531036005,306.40337891693343,326.1161113180283,-19.712732401094854,42.50853747808152,498.754285714285,61028.84054986842,60229.44350000001,59430.046450131595,1
1782982800000,60512.0,61437.49,60376.13,61184.0,1895.63178,60238.22838911036,59834.346459614215,61.37164927448933,352.2618489379456,331.3452588420118,20.916590095933827,43.30258784685402,549.356428571428,61143.39087532044,60313.742000000006,59484.09312467957,1
1782986400000,61184.0,61350.0,61051.07,61263.68,711.1086,60335.89044729032,59890.39875531562,61.23696718040703,390.53270893802255,343.18274886121395,47.3499600768086,42.96714822596878,547.7085714285707,61249.357679739194,60399.826,59550.29432026081,1
1782990000000,61263.93,61388.0,61125.58,61358.01,823.29588,60433.23516659601,59947.9521374601,56.067532956010936,423.5913860442015,359.2644762978115,64.32690974639002,41.34626389176303,514.8771428571423,61401.706981205185,60460.36899999999,59519.0310187948,1
1782993600000,61358.0,61614.0,61147.23,61542.53,1476.64291,60538.88229358687,60010.48460265774,62.34054392432354,459.3843508875725,379.2884512157637,80.09589967180881,38.85741100460626,477.14642857142775,61563.00112450961,60541.4955,59519.989875490384,1
1782997200000,61542.53,62053.0,61506.0,61939.04,2503.04906,60672.230646578595,60086.11422608294,72.50023498449104,513.8225501137131,406.1952709953536,107.62727911835947,38.81887389776218,480.9928571428562,61810.678106728956,60628.9175,59447.15689327105,0
1783000800000,61939.04,62200.0,61394.49,61696.61,1834.43153,60769.79058499968,60149.27092309929,72.83982095302845,531.2788879676591,431.2119943898147,100.06689357784438,40.19186466354852,507.1007142857135,61957.365083251694,60705.18999999999,59453.01491674828,0
1783004400000,61696.61,61850.86,61427.39,61612.93,955.089,60850.08957690447,60206.66931827187,68.39843800012802,532.2257180473316,451.4147391213181,80.81097892601349,40.90019713292137,493.83499999999964,62056.661265375165,60784.403000000006,59512.144734624846,1
1783008000000,61612.93,61790.13,61108.99,61682.34,1526.68052,60929.35152196119,60264.53875677101,66.89130458111106,532.4392661946767,467.6196445359899,64.81962165868686,39.82469638411121,508.2335714285712,62155.13444186367,60862.219999999994,59569.305558136315,0
1783011600000,61682.34,61962.43,61619.69,61667.39,742.84693,60999.64090082203,60319.55253101529,59.80505417485912,525.346299458899,479.1649755205717,46.181323938327296,38.307794602840225,474.0178571428566,62246.44249633691,60904.79,59563.13750366309,1
1783015200000,61667.4,61900.29,61664.39,61761.36,457.24217,61072.185576934215,60376.09400038724,66.60219411355351,521.2984617091133,487.5916727582801,33.70678895083324,37.286934954535084,467.2964285714282,62346.93243558892,60968.9575,59590.982564411075,0
1783018800000,61761.36,61763.81,61424.0,61479.6,567.93379,61110.98695055953,60419.36874547009,66.64038500921558,489.7097744497805,488.0152930965802,1.6944813532003309,37.442282239886744,463.73357142857066,62362.123679775796,61041.7375,59721.35132022421,1
1783022400000,61479.59,61596.0,61342.0,61584.78,435.70751,61156.11009812529,60465.07114760852,73.36946638378282,467.7704921303666,483.9663329033375,-16.195840772970882,38.62385991895934,453.8235714285708,62326.86996936421,61132.89,59938.91003063579,1
1783026000000,61584.77,61653.43,61516.0,61592.26,335.09994,61197.648184018115,60509.27463201603,76.82883727505761,445.8475730239297,476.34258092745597,-30.495007903526243,40.59614167063318,448.50214285714225,62324.465395544765,61203.70700000001,60082.948604455254,0
1783029600000,61592.26,61596.62,61406.28,61465.26,313.41399,61223.135023635434,60546.76425428991,69.43141003950416,413.4595586468131,463.7659764713274,-50.30641782451431,41.595301185961794,431.9157142857143,62319.19886104819,61255.815,60192.43113895181,1
1783033200000,61465.26,61606.0,61350.02,61560.0,263.74127,61255.21740233682,60586.4989894158,60.023245398903846,390.93015070294496,449.1988113176509,-58.26866061470594,39.475312275677496,374.3885714285716,62348.3297233982,61280.915,60213.5002766018,0
1783036800000,61560.0,61578.0,61248.86,61308.75,803.35853,61260.31574497141,60614.82255845831,51.1007664089175,348.78112566769414,429.11527418765957,-80.33414851996542,36.72450681525159,376.5464285714287,62348.840170679134,61306.9535,60265.06682932087,1
1783040400000,61308.75,61733.11,61286.0,61588.0,365.29608,61291.52376925985,60652.98637969524,55.15180567440064,334.06002484898636,410.1042243199249,-76.04419947093857,34.954111091668054,389.7385714285717,62337.98318244303,61361.1265,60384.26981755697,0
1783044000000,61588.0,61664.62,61294.0,61440.01,718.15053,61305.66531504463,60683.850051079746,47.66533066132272,306.91397691582824,389.46617483910563,-82.55219792327739,33.047645094521236,382.870714285715,62251.558216251426,61419.4265,60587.29478374858,0
1783047600000,61440.01,61575.15,61324.0,61434.0,592.37701,61317.88766599276,60713.267696135445,36.01074732701787,281.66868036516826,367.9066759443182,-86.23799557914992,31.795716009322337,361.73857142857224,62063.17572517102,61483.627,60904.07827482898,1
1783051200000,61434.0,61524.01,61332.76,61448.0,597.68744,61330.279316850596,60742.080727659544,42.115978613153004,259.79651149652636,346.28464305475984,-86.48813155823348,30.235237697200684,317.86285714285776,61888.43353652073,61530.427500000005,61172.42146347928,1
1783054800000,61448.0,61808.0,61430.0,61700.49,669.42027,61365.53747715054,60779.66540500623,52.50819258885802,259.8412052718486,328.99595549817764,-69.15475022632904,27.125652012153047,314.6150000000006,61882.10979123807,61556.252,61230.39420876193,1
1783058400000,61700.49,61850.0,61612.0,61710.01,821.5655,61398.34438408858,60816.14950677069,50.820780854181784,257.67449862549256,314.73166412364066,-57.057165498148095,24.81809931395626,282.9621428571435,61880.301494361505,61578.56850000001,61276.83550563851,1
1783062000000,61710.01,61864.99,61659.32,61750.47,1075.23435,61431.88015703253,60852.78952611302,52.4276781018059,256.2680532629529,303.0389419515031,-46.7708886885502,22.54853353889447,273.1714285714292,61890.426492198596,61598.1915,61305.956507801406,0
1783065600000,61750.47,61896.99,61554.07,61584.0,341.60269,61446.36776112467,60881.46444665761,45.0280331912985,238.9660456055426,290.224362682311,-51.25831707676838,20.667095433233808,280.8157142857147,61891.423607058525,61600.265,61309.106392941474,1
1783069200000,61583.99,61783.89,61510.01,61718.68,336.50784,61472.302260065175,60914.29642914162,57.30452423435097,233.43078552516818,278.86564725088243,-45.434861725714256,18.863750616955404,276.1064285714289,61840.34942147073,61589.246999999996,61338.14457852926,1
1783072800000,61718.69,62038.0,61663.98,61916.46,481.39402,61514.60299720182,60953.59696133215,59.591005829554916,242.21118534225388,271.53475486915676,-29.323569526902872,18.413789295479653,284.67928571428587,61887.74194165563,61600.2395,61312.73705834438,1
1783076400000,61916.46,62103.1,61840.0,62024.02,549.87382,61563.11890223022,60995.57433539756,61.80188060354241,254.91045944006328,268.2098957833381,-13.299436343274806,17.37950037384341,293.6557142857143,61965.25482056188,61620.793999999994,61276.33317943811,0
1783080000000,62024.01,62174.47,61871.66,61983.99,627.72129,61603.20186392258,61034.33573400942,64.88695522405186,258.76179430939374,266.3202754885492,-7.5584811791554785,18.191211757933814,301.6892857142853,62016.23000827198,61635.8765,61255.522991728016,1
1783083600000,61984.0,62282.0,61944.0,62116.01,790.28341,61652.04073402519,61076.75433267572,65.62255901905584,269.36187952828186,266.92859629649575,2.433283231786106,21.9234922578764,307.5478571428565,62095.19815002593,61658.307499999995,61221.41684997406,1
1783087200000,62116.0,62280.0,61700.0,62167.48,768.79968,61701.130187927556,61119.52788825707,77.17964462281533,278.7030074971699,269.2834785366306,9.41952896053931,24.872130610736615,325.46642857142797,62170.02157025065,61678.6135,61187.20542974935,0
1783090800000,62167.47,62400.0,61820.0,61922.72,627.67216,61722.23397955351,61151.025618129344,60.83068002381508,263.3204381565956,268.0908704606236,-4.770432304027963,27.35695914291174,334.9585714285708,62194.34993723506,61700.769499999995,61207.189062764926,1
1783094400000,61922.71,62125.99,61911.65,62104.81,308.0973,61758.6697910246,61188.42892722231,71.04676637076228,262.7934628822695,267.03138894495277,-4.237926062683243,30.30112938706603,323.7957142857132,62248.605099385204,61726.77099999999,61204.93690061478,1
1783098000000,62104.81,62292.51,62068.78,62194.0,345.47791,61800.129810927014,61227.86308693908,72.85686788730355,266.50066501341644,266.9252441586455,-0.4245791452290746,31.632433879120097,321.8371428571419,62314.21673499845,61756.85799999999,61199.499265001534,1
1783101600000,62193.99,62250.0,62118.0,62204.01,298.61687,61838.59459083873,61266.14335803952,72.79156843710994,267.1666420105903,266.97352372903447,0.1931182815558259,32.33454237825075,317.60499999999905,62367.465044874,61793.79549999999,61220.12595512599,1
1783105200000,62204.0,62317.64,62146.0,62210.0,345.20311,61873.966534568375,61303.15734399875,68.04175548678143,265.12161952108727,266.6031428874451,-1.4815233663578056,34.23277165821836,302.864999999999,62417.57429200412,61826.29549999999,61235.01670799586,1
1783108800000,62210.0,62907.77,62186.01,62776.92,1103.81636,61959.96210270472,61360.95195795958,77.08677129930985,305.72245239089534,274.42700478813515,31.29544760276019,37.678554741388474,337.41928571428434,62578.512217995405,61899.70399999999,61220.895782004576,0
1783112400000,62776.91,62979.86,62518.72,62732.0,530.36622,62033.48952149475,61414.71854784351,74.86283430181011,330.4648433585098,285.6345725022101,44.830270856299705,41.75981383597895,355.6671428571416,62713.46523457407,61956.903999999995,61200.34276542592,0
1783116000000,62732.0,62748.01,62538.47,62578.0,461.77097,62085.347662304775,61460.337428320236,75.33878516584926,333.7990261011364,295.2674632219954,38.531562879141006,46.06653206291465,346.1399999999989,62777.8175608876,62013.803499999995,61249.78943911239,1
1783119600000,62578.0,62707.67,62529.03,62583.26,488.69291,62132.76788494242,61504.373607601796,73.59661572052407,333.02690117183374,302.8193508119631,30.207550359870652,50.53136561420371,339.3371428571419,62824.46693243711,62071.26649999999,61318.06606756287,1
1783123200000,62583.26,62946.0,62578.55,62756.29,451.82518,62192.15094351933,61553.468368088,73.23502559136816,342.42974458994286,310.74142956755907,31.68831502238379,53.16628942702664,338.8678571428562,62889.21240009138,62136.681,61384.14959990861,0
1783126800000,62756.29,62756.29,62404.25,62468.44,740.55394,62218.464186993675,61589.34960855514,61.18015234913525,322.93191826978,313.17952730800323,9.752390961776769,54.556378816975155,345.22071428571354,62912.10749308274,62175.07849999999,61438.04950691724,1
1783130400000,62468.44,62576.0,62432.0,62538.96,288.40853,62248.987597756175,61626.58923174906,63.75029112550362,309.6012347622891,312.4638687988604,-2.8626340365713077,54.69130823925793,333.87714285714225,62936.47027858752,62216.526,61496.581721412476,1
1783134000000,62538.96,62750.0,62484.01,62627.29,272.8732,62285.01639796988,61665.83239913145,62.94812443652055,302.67501566369174,310.5060981718267,-7.831082508134955,54.20248809775098,328.73357142857066,62967.48823329319,62260.36699999999,61553.245766706794,1
1783137600000,62627.28,62749.97,62590.06,62700.0,372.06056,62324.53864578227,61706.38799132237,63.34248689604021,299.5994307213332,308.324764681728,-8.725333960394835,56.532826144437266,298.7271428571424,62972.893994344246,62316.166999999994,61659.44000565574,0
1783141200000,62700.0,62700.01,62441.29,62471.52,289.90978,62338.53686999348,61736.39316813326,63.86348709139587,275.54922108590836,301.7696559625641,-26.22043487665576,57.697142285561696,275.778571428571,62949.83700629839,62353.808999999994,61757.7809937016,1
1783144800000,62471.53,62559.43,62328.24,62500.01,328.21302,62353.91526332743,61766.338926245684,60.82324587829335,255.83900873809762,292.5835265176708,-36.74451777957319,58.12736267558952,276.98214285714283,62945.033253976224,62382.9865,61820.939746023774,1
1783148400000,62500.01,62634.24,62470.0,62576.0,488.37245,62375.06619062958,61798.090340902716,60.53793103448276,243.5428707591709,282.77539536597084,-39.23252460679993,57.921670125649584,272.73285714285674,62952.25383839679,62410.5855,61868.91716160321,0
1783152000000,62576.0,62674.47,62516.46,62553.78,325.39629,62392.08655342676,61827.72522949477,59.58426270475849,229.3611914792782,272.0925545886323,-42.731363109354106,57.80642990796145,274.59071428571406,62945.031043213945,62439.075,61933.11895678605,0
1783155600000,62553.78,62583.99,62415.87,62494.0,256.44372,62401.792595957544,61853.853651867525,57.55922278413629,210.86761151378596,259.84756597366305,-48.97995445987709,57.52156559003896,274.3392857142852,62940.830400549276,62457.9745,61975.11859945072,1
1783159200000,62494.01,62545.02,62445.38,62513.0,261.05012,62412.38377729492,61879.70252826488,40.082520404635645,195.49095927285816,246.9762446335021,-51.48528536064393,53.69548702738812,229.90214285714268,62938.67782261693,62475.2505,62011.82317738307,0
1783162800000,62512.99,62563.84,62456.24,62482.01,236.75332,62419.01484612397,61903.322429117245,40.50658869099618,178.74377065933368,233.32974983866842,-54.58597917933474,49.44943453607311,204.64928571428547,62886.89487426681,62503.215000000004,62119.5351257332,1
1783166400000,62482.0,62696.78,62482.0,62664.01,160.12973,62442.347717921686,61933.1533142499,53.19823002268256,178.10430641045969,222.2846611530267,-44.180354742567005,45.36475007501888,205.02357142857105,62871.68295619662,62531.175,62190.66704380338,0
1783170000000,62664.01,62776.92,62542.0,62588.84,234.91268,62456.2993638339,61958.86651761265,50.197234475737844,169.5771557150656,211.7431600654345,-42.166004350368894,41.49645885630279,209.04357142857094,62852.69602840454,62550.917,62249.13797159546,1
1783173600000,62588.84,62738.28,62585.53,62693.99,214.12592,62478.93656727829,61987.69488947098,47.68690409005841,169.35187063217745,203.26490217878307,-33.91303154660562,36.52646396406259,193.70785714285688,62835.25670467877,62575.416000000005,62315.575295321236,1
1783177200000,62693.99,63075.46,62687.89,62943.29,746.82104,62523.160703727975,62025.16920753094,68.1499545152238,187.13260886487842,200.03844351600216,-12.90583465112374,35.56750064051473,196.24571428571394,62861.552944086536,62612.080500000004,62362.60805591347,0
1783180800000,62943.29,62968.29,62786.0,62927.29,446.2616,62561.64920813484,62060.54649351012,65.48846930065957,197.65446806298132,199.561648425398,-1.9071803624166819,34.73943178719522,198.980714285714,62897.439464632014,62619.599,62341.75853536799,1
1783184400000,62927.3,63439.62,62803.0,63280.38,752.34234,62630.099759741046,62108.38310160776,71.50628634654242,231.8123410180342,206.01178694392527,25.80055407410893,34.62005624898973,225.45428571428576,63051.11264809179,62647.018000000004,62242.92335190822,0
1783188000000,63280.38,63346.0,63092.02,63172.78,347.58599,62681.78359214666,62150.124156446676,65.21895883496633,247.34899542990752,214.27922864112173,33.069766788785785,32.83701388219077,232.17357142857145,63142.332667619776,62676.757000000005,62211.181332380234,1
1783191600000,63172.79,63461.99,63123.49,63294.72,328.68996,62740.15848813269,62195.01026795857,78.45056403450563,266.4302033545391,224.70942358380523,41.720779770733884,33.676181252683854,237.8721428571428,63250.83497717646,62712.33,62173.82502282354,0
1783195200000,63294.72,63392.0,63155.37,63233.78,287.12408,62787.17006069149,62235.74633588177,74.80343706267684,273.48231550797937,234.46400196864008,39.01831353933929,36.257199324610276,238.26071428571387,63323.08186287347,62736.20450000001,62149.327137126544,1
1783198800000,63233.79,63448.0,63202.0,63297.84,239.07967,62835.80529300658,62277.39706780798,74.59856601510299,281.0010664486181,243.7714148646357,37.22965158398239,39.02380692151407,244.10071428571402,63400.96970333945,62777.6745,62154.379296660554,0
1783202400000,63297.83,63310.0,63160.0,63184.99,486.87752,62869.06097938691,62312.988947501784,70.25875073016356,274.68725517478015,249.9545829266646,24.732672248115534,41.25854164690889,243.528571428571,63447.96855743693,62809.97599999999,62171.98344256305,0
1783206000000,63185.0,63241.33,62927.98,63144.01,584.01676,62895.24660039768,62345.578008384065,71.1169732370848,263.3411380209145,252.6318939455146,10.709244075399909,43.11998002993335,253.90214285714268,63484.416729445154,62835.812,62187.20727055484,0
1783209600000,63144.01,63144.01,62888.86,62991.29,348.66174,62904.393590836,62370.90004727097,64.29617584992738,239.26789936165733,249.95909502874315,-10.691195667085822,46.99809286806667,265.00999999999993,63499.222352663506,62850.3765,62201.53064733649,0
1783213200000,62991.3,63043.15,62800.0,62887.94,447.61772,62902.82658218495,62391.17612384858,61.63023235825001,209.43595569003082,241.85446716100068,-32.41851147096986,50.54145986599671,274.69214285714304,63495.100825099515,62871.19750000001,62247.294174900504,0
1783216800000,62887.93,62926.0,62596.08,62693.56,307.64194,62882.89643150067,62403.0343150702,50.84066843809197,168.1705188454216,227.1176774978849,-58.94715865246329,51.71516820349222,282.9164285714287,63486.26566059748,62880.875,62275.48433940252,1
1783220400000,62693.57,62796.39,62658.0,62769.04,211.72564,62872.05296183394,62417.3874791851,55.125608701588426,139.9447718150841,209.68309636132477,-69.73832454624068,52.17506458844686,276.02142857142877,63481.433507206224,62890.527,62299.62049279378,1
1783224000000,62769.03,62952.93,62712.0,62815.99,288.42759,62866.71363213548,62433.018950589605,53.58899531665529,119.98106947718043,191.7426909844959,-71.76162150731548,54.245154483844736,282.3200000000002,63474.37652126677,62903.6375,62332.89847873322,0
1783227600000,62815.99,62815.99,62659.65,62740.5,312.61219,62854.69328621781,62445.077030958644,43.354764292221226,96.9506922098517,172.7842912295671,-75.8335990197154,52.03773014030183,265.80357142857144,63459.45069662459,62915.9625,62372.47430337541,1
1783231200000,62740.5,62819.91,62669.99,62782.18,269.63913,62847.78725895897,62458.296755234776,45.32358798847571,81.12699842821166,154.45283266929601,-73.32583424108435,49.84759733460421,263.4914285714289,63443.42504937617,62929.4215,62415.41795062382,1
1783234800000,62782.18,63059.99,62718.31,63020.21,393.71695,62864.208472391445,62480.33256875498,40.943993873786106,86.79314149470883,140.92089443437857,-54.12775293966973,46.613237192908414,242.42428571428587,63426.164812225295,62956.33150000001,62486.49818777472,0
1783238400000,63020.21,63104.0,62900.0,62915.0,337.45972,62869.04576073512,62497.37835037243,41.0122310084655,81.85051123061567,129.106817793626,-47.25630656301033,43.11510763239795,238.85428571428565,63418.825442322166,62968.88100000001,62518.93655767785,0
1783242000000,62915.0,62930.16,62436.59,62622.18,562.27226,62845.5347359032,62502.27253271077,29.047814871583896,53.68645035442023,114.02274430578484,-60.33629395136461,40.762262349056606,249.9307142857147,63414.7746727054,62970.547999999995,62526.321327294594,1
1783245600000,62622.18,62756.25,62536.57,62756.12,183.32618,62837.019046769565,62512.22733534956,35.76647555931686,41.693451658196864,99.55688577626725,-57.86343411807039,37.40166211537854,248.72000000000065,63410.54648532692,62973.65449999999,62536.76251467306,0
1783249200000,62756.12,62812.0,62600.03,62658.92,268.20384,62820.057232791514,62517.97998886526,31.329920284264972,24.068242404369812,84.45915710188777,-60.39091469751796,34.05714276336682,246.28928571428645,63418.43877955558,62959.436,62500.43322044442,1
1783252800000,62658.92,62772.0,62569.37,62745.01,294.54856,62812.90987728756,62526.88312655682,36.93894271872346,16.852614158160577,70.93784851314233,-54.08523435498175,31.123019682701887,250.04857142857196,63419.145996720305,62950.32200000001,62481.49800327971,1
1783256400000,62745.0,62819.66,62644.12,62792.0,337.44331,62810.91846040302,62537.27986669185,39.58753616157791,14.755781610190752,59.701435132552014,-44.94565352236126,28.26817303649983,240.2050000000007,63372.7003838751,62925.903000000006,62479.105616124914,1
1783260000000,62791.99,62818.37,62656.02,62812.25,219.35892,62811.04527369797,62548.063009174526,44.25365565583557,14.560191646851308,50.67318643541188,-36.11299478856057,25.557345841844988,233.5764285714296,63341.63660659875,62907.8765,62474.116393401244,0
1783263600000,62812.25,62943.59,62679.76,62740.01,243.82359,62804.28000953626,62555.590342148076,45.15539544784674,8.478288494407025,42.23420684721091,-33.75591835280389,22.400886311923745,235.05357142857196,63279.31074413047,62880.141,62480.97125586954,0
1783267200000,62740.01,62772.86,62590.02,62637.48,344.55738,62788.39429434233,62558.801701279524,48.04585685413637,-4.56238535430748,32.87488840690723,-37.43727376121471,20.653917200693392,224.54785714285805,63226.70582945243,62850.326,62473.94617054757,0
1783270800000,62637.48,62820.0,62594.38,62624.93,275.09476,62772.826266309734,62561.39496789602,44.74806300429308,-15.72858412063215,23.154193901399356,-38.8827780220315,19.410534311611716,230.77857142857258,63141.378779153034,62816.6805,62491.98222084697,1
1783274400000,62624.93,62880.0,62616.0,62820.33,372.13939,62777.350431423096,62571.54928288049,50.142723721077196,-8.710322936174634,16.781290533884558,-25.491613470059193,17.304126202823273,232.42642857142968,63073.17232101319,62798.44750000001,62523.72267898683,0
1783278000000,62820.33,62888.14,62714.98,62768.88,297.34041,62776.54372366852,62579.287742375374,50.94828853633426,-7.216695820876339,11.981693262932378,-19.198389083808717,16.893191250879426,233.62785714285823,63001.13357869867,62779.691000000006,62558.248421301345,0
1783281600000,62768.87,62836.01,62700.0,62730.61,164.5638,62772.16908331913,62585.22194855674,48.27290568464204,-9.017111091561674,7.781932392033568,-16.79904348359524,16.352373150800222,232.63428571428656,62965.15768488726,62766.65700000001,62568.156315112756,1
1783285200000,62730.61,63220.0,62609.47,63092.01,428.51084,62802.63012300302,62605.095989789814,52.221067349691346,18.504695874049503,9.926485088436756,8.578210785612747,16.258507920788063,251.8378571428579,63018.008962375316,62776.86050000001,62535.712037624704,1
1783288800000,63092.0,63964.48,63005.04,63736.0,1512.51245,62891.52249224083,62649.4451666608,69.04766323916989,91.22890707646002,26.18696948604141,65.04193759041861,18.612139274766466,305.79785714285805,63317.783462352294,62828.982500000006,62340.18153764772,0
1783292400000,63735.99,63999.0,63577.36,63650.0,750.87927,62963.758445360756,62688.68261110548,76.37735461684531,140.30652090083458,49.01087976900004,91.29564113183454,21.157634777007587,300.66000000000037,63482.874727686765,62873.03050000001,62263.18627231325,1
1783296000000,63650.01,63772.52,63350.0,63761.99,854.38324,63039.78049818354,62730.77309694448,76.10818387105127,186.0923833455672,76.42718048431348,109.66520286125373,22.262157523553704,315.14857142857153,63647.08565151487,62920.330500000004,62193.57534848514,0
1783299600000,63761.98,63920.0,63550.0,63576.0,432.9767,63090.84902216607,62763.919250005485,72.75474656847669,205.0069777584431,102.14313993913942,102.86383781930368,23.51283734852989,326.4364285714286,63739.61602938597,62962.105500000005,62184.59497061404,0
1783303200000,63576.0,63669.45,63373.13,63460.01,398.01222,63126.00721053121,62791.21692647586,67.48132065876467,208.23707904763432,123.3619277608384,84.87515128679593,24.054218202320495,333.12857142857166,63799.15464865657,62995.99700000001,62192.83935134345,0
1783306800000,63460.01,63495.14,63136.01,63294.0,420.90012,63142.00652381395,62810.93390975132,61.598569355748,195.15175009702216,137.71989222807517,57.43185786894699,24.536934408356846,346.2421428571428,63823.83984922577,63009.686499999996,62195.53315077422,0
1783310400000,63294.0,63402.77,63187.98,63267.99,278.63053,63154.004950117385,62828.85767799637,60.50179277543754,180.6008883824761,146.29609145895537,34.30479692352074,25.174431851576315,349.9878571428562,63848.124071767335,63027.335999999996,62206.547928232656,0
1783314000000,63267.99,63268.0,62950.0,63114.0,702.75025,63150.194954868115,62840.03972983965,58.30509377900749,154.8584082541929,148.0085548180029,6.849853436190017,25.790473255252977,353.8571428571423,63850.782358494616,63051.927,62253.07164150539,0
1783317600000,63113.99,63152.7,62972.0,62976.0,622.44998,63133.60495916639,62845.37150514006,57.40083251713999,121.91648327328585,142.79014050905948,-20.873657235773635,26.894984990950842,353.7042857142847,63850.609519174795,63062.92100000001,62275.23248082522,1
1783321200000,62976.0,63120.0,62890.0,63089.42,529.35201,63129.39686781721,62854.94203435026,59.72586906541701,103.76567044468538,134.9852464961847,-31.219576051499303,27.362462800905195,354.01714285714166,63848.83383100409,63084.445999999996,62320.0581689959,0
1783324800000,63089.42,63244.0,62800.13,62904.01,536.0688,63107.931451834615,62856.86626829731,51.759520925851184,73.57189206963085,122.70257561087392,-49.13068354124307,28.077923089712414,366.864999999999,63845.13806023031,63092.39599999999,62339.653939769676,0
1783328400000,62904.01,62914.0,62630.85,62664.77,432.26087,63065.725599278936,62849.33308130526,47.971126900546025,29.992699416019605,104.16060037190306,-74.16790095588345,28.0759578518791,374.72142857142796,63851.50852022729,63086.034499999994,62320.5604797727,1
1783332000000,62664.77,63030.0,62664.76,62822.06,454.82776,63042.51935172856,62848.26354870505,51.70315078238775,8.055010591495375,84.93948241582152,-76.88447182432614,28.503628292506725,391.09499999999906,63851.27257193524,63086.525,62321.777428064765,0
1783335600000,62822.07,63000.0,62483.83,62483.84,610.79996,62989.311794421075,62833.97242914799,38.57489057128353,-36.20494516095641,60.71059690046593,-96.91554206142234,28.753390345874898,384.35499999999905,63870.79801102221,63073.716499999995,62276.63498897778,0
1783339200000,62483.84,62487.98,61668.2,61754.01,2426.65551,62871.66400447621,62791.62096133827,13.9295840779794,-128.68901368312072,22.8306747837486,-151.51968846686933,31.024419311570878,374.379285714285,64006.12748228386,63029.54299999999,62052.95851771612,1
1783342800000,61754.01,62034.0,61306.84,61768.21,3623.91016,62766.57314690705,62751.487198148534,14.834111354878573,-198.54873672832036,-21.445207518665196,-177.10352920965516,31.020507533107747,396.20214285714246,64103.15887433732,62986.706999999995,61870.25512566267,1
1783346400000,61768.2,62411.41,61712.54,62052.0,1203.78704,62698.51856148733,62724.056327632905,19.972676732024723,-228.38095578961656,-62.83235717285547,-165.5485986167611,30.817120023113166,415.9414285714286,64139.237673860815,62948.29049999999,61757.34332613916,1
1783350000000,62052.0,63550.0,62052.0,63545.98,2153.37389,62779.229174679014,62756.28862851005,49.63878153141233,-129.97325327878934,-76.26053639404225,-53.712716884747095,27.86489208680676,496.5128571428572,64203.87428544363,62987.145500000006,61770.416714556384,1
1783353600000,63545.98,63863.0,63386.01,63732.0,1748.98599,62869.96925328101,62794.55181954887,53.21850423982522,-36.5528224993177,-68.31899361509734,31.766171115779642,24.795150116265237,509.41785714285703,64291.33630019462,63037.21499999999,61783.09369980536,0
1783357200000,63732.0,63976.16,63570.16,63587.38,885.44922,62938.29408630187,62825.64312074303,53.48927930885198,25.51974090339354,-49.551246711399166,75.0709876147927,23.083009653700707,512.7657142857144,64340.00051516256,63061.983499999995,61783.96648483743,1
1783360800000,63587.38,63886.0,63560.0,63696.4,345.76423,63010.494649511216,62859.790449341344,54.99658271577296,82.55802002627752,-23.12939336386383,105.68741339014134,21.352248983171727,520.7092857142862,64333.73925939883,63060.00349999999,61786.26774060115,1
1783364400000,63696.4,63887.93,63652.42,63738.52,308.11427,63079.83039717681,62894.25043172012,57.47899481696507,129.66529831314256,7.429544971537446,122.23575334160512,21.22023771731791,514.8171428571435,64347.37924335698,63064.42949999999,61781.479756643,1
1783368000000,63738.52,63892.65,63589.41,63828.0,314.93037,63151.08464506474,62930.86806184874,60.323168485741434,172.23304855711467,40.3902456886529,131.84280286846177,20.66496007146676,523.5700000000007,64358.55116664335,63067.729999999996,61776.90883335664,1
1783371600000,63828.0,64700.0,63810.0,64489.98,1489.51024,63278.59848839191,62992.009706482124,64.97861054072557,256.42860161369754,83.59791687366183,172.8306847400357,21.7447588659051,570.7128571428578,64537.82030473623,63113.42899999999,61689.037695263745,0
1783375200000,64489.97,64500.0,64151.01,64244.0,313.47871,63370.54148949744,63041.10736505145,64.1475409489903,299.84917906128976,126.84816931118742,173.00100975010236,22.990226931882084,563.9357142857147,64658.02725313829,63152.62849999999,61647.229746861696,0
1783378800000,64244.0,64340.76,64017.78,64042.02,347.9123,63434.49182383101,63080.35884093179,64.65624208525679,314.3387006619887,164.3462755813477,149.992425080641,24.815187428673106,566.7807142857148,64746.51848564105,63190.02949999999,61633.54051435893,1
1783382400000,64042.93,64314.0,63997.5,64203.99,545.80462,63507.777364418536,63124.42280795408,64.69141157384666,335.02936629601754,198.48289372428167,136.54647257173588,26.145283639945593,563.2992857142864,64858.12583497098,63236.82949999999,61615.533165029,0
1783386000000,64203.99,64204.0,63767.04,63840.0,600.7847,63539.4176154263,63152.48465862255,64.33888212207337,318.3857639717244,222.46346777377022,95.92229619795415,27.317306874136992,557.6414285714293,64915.22266637441,63273.129499999995,61631.03633362558,0
1783389600000,63840.0,63908.0,63288.01,63322.01,624.33941,63518.71212824284,63159.13271122559,67.35619155568145,260.39643720515596,230.0500616600474,30.34637554510857,25.029028145268693,543.3707142857145,64926.62259971752,63290.42999999999,61654.237400282465,0
1783393200000,63322.01,63414.0,63150.0,63191.01,378.30046,63487.50240174353,63160.382800981446,65.35201298252882,201.5455807674589,224.3491654815297,-22.80358471407081,22.889114182668013,510.28785714285704,64929.70415766406,63295.5095,61661.31484233594,0
1783396800000,63191.01,63288.33,63064.0,63100.01,658.55856,63450.59836348223,63158.015240158646,61.79891153827967,145.88128491722455,208.65558936866867,-62.774304451444124,21.71259588306742,476.3921428571427,64931.95216751163,63305.309499999996,61678.666832488365,1
1783400400000,63100.0,63278.99,62800.0,63128.01,725.48406,63419.87566219821,63156.838564073994,42.97564828664101,102.84081056257128,187.4926336074492,-84.65182304487791,21.17105894665035,403.605714285714,64929.70490247214,63328.4715,61727.23809752786,1
1783404000000,63128.0,63400.0,62984.42,63340.0,869.08707,63412.26845627457,63164.021365482855,43.46910486751615,84.85854933811788,166.96581675358294,-82.10726741546506,22.080347214520174,399.2192857142857,64937.770709797784,63354.3685,61770.96629020221,0
1783407600000,63340.01,63445.7,63072.1,63083.18,615.24857,63380.92669853414,63160.85111585608,41.902534914496485,49.31576861425856,143.43580712571807,-94.12003851145951,22.97248518901616,396.90499999999986,64920.344344677425,63384.3355,61848.32665532258,1
1783411200000,63083.19,63184.0,62984.58,63104.0,444.0167,63354.55272724517,63158.62166033231,40.20865287988574,22.56771227945137,119.26218815646473,-96.69447587701336,24.06480258337252,387.86357142857116,64792.39954474733,63451.835,62111.27045525267,1
1783414800000,63104.0,63348.73,63063.28,63256.0,320.22634,63345.16675322183,63162.44041875065,42.30430622009576,13.479432105123124,98.10563694619641,-84.62620484107329,24.160449843284418,391.4307142857142,64614.86154462384,63526.2245,62437.58745537615,1
1783418400000,63256.01,63467.15,63228.17,63284.0,496.91971,63339.34134815308,63167.20746115259,41.15021213462091,8.438991146824264,80.172307786322,-71.73331663949773,23.889700701619738,386.84071428571457,64438.68339149915,63587.8245,62736.965608500854,1
1783422000000,63284.0,63452.0,63116.02,63406.0,399.36572,63345.689791186116,63176.57187444072,28.607403080274977,14.125950610876316,66.96303635123286,-52.83708574035654,25.82969905979605,347.2678571428577,64435.42833413192,63580.82549999999,62726.22266586807,1
1783425600000,63405.99,63872.0,63396.58,63481.39,618.18499,63358.61362059696,63188.52552642344,33.863179500201,24.43458323244704,58.4573457274757,-34.02276249502866,25.80764178750243,356.29857142857196,64420.91164614662,63568.295,62715.67835385338,0
1783429200000,63481.39,63482.5,63000.0,63056.0,1055.47861,63329.793275778204,63183.32844695585,30.93807513261882,-1.7015545510294032,46.425565671774685,-48.12712022280409,26.21477998862389,367.69285714285746,64424.425285349076,63541.726,62659.02671465093,1
1783432800000,63056.0,63634.0,62671.39,63562.05,1684.44273,63351.912963799325,63198.18027256543,39.047037304978154,18.20946632574487,40.78234580256872,-22.57287947682385,26.7885270788857,413.8435714285718,64414.79162605885,63535.00850000001,62655.22537394117,1
1783436400000,63562.05,64105.0,63376.22,63930.51,2129.05569,63407.017443437486,63226.899085405996,51.54195528994079,62.994574234042375,45.22479148886345,17.769782745178922,25.80629485536092,434.68785714285747,64437.82791812354,63544.60800000001,62651.388081876474,1
1783440000000,63930.5,64243.75,63810.0,63983.27,825.1364,63461.89863930058,63256.56068989988,63.3875643808104,101.57350978346221,56.49453514778321,45.078974635679,23.74820840185792,421.3850000000005,64458.567312587176,63552.37150000001,62646.17568741284,1
1783443600000,63983.28,64232.0,63896.21,64186.0,713.19138,63530.86067365291,63293.009290295966,69.57555058018973,146.81383239586285,74.55839459739914,72.2554377984637,21.48729532505452,426.5128571428577,64385.50358305722,63537.17250000001,62688.84141694279,0
1783447200000,64185.99,64188.0,63672.01,63679.99,804.35069,63545.06346663835,63308.185004402,59.80882283302096,140.21996740676695,87.69070915927271,52.52925824749424,19.53940838387617,447.34571428571456,64293.4662165873,63508.97200000001,62724.477783412716,1
1783450800000,63679.99,63894.58,63379.69,63817.99,809.87318,63571.056469815645,63328.177357170556,61.25057885090751,144.46443253033067,99.0454538334843,45.41897869684637,19.487147358486293,449.91000000000037,64256.18166015895,63497.770500000006,62739.35933984106,0
1783454400000,63818.0,63901.75,63585.0,63697.99,461.15497,63583.14537745225,63342.679813752104,56.017791644113295,136.57090027637605,106.55054312206266,30.020357154313388,18.584034073730184,442.85071428571456,64162.34930450574,63472.47050000001,62782.59169549428,0
1783458000000,63698.0,63866.0,63313.1,63423.94,445.13714,63567.982960552035,63345.86648772261,55.69516589452014,106.96860691186157,106.63415588002246,0.33445103183910874,17.808964355964132,455.6578571428576,64119.62630950607,63451.6675,62783.708690493935,1
1783461600000,63423.93,63660.0,63218.0,63551.02,344.82337,63566.36744049946,63353.9117234982,57.21484092552419,92.69434735947289,103.84619417591256,-11.151846816439672,16.86800805068024,472.9850000000006,64129.56816967428,63463.118,62796.66783032572,0
1783465200000,63551.02,63708.0,63320.0,63363.99,265.24316,63547.093398547135,63354.30695002768,51.72345552913386,65.53469275450334,96.18389389163072,-30.649201137127378,16.7511887947715,480.3100000000003,64127.75603694782,63471.76700000001,62815.77796305219,1
1783468800000,63364.0,63761.99,63307.36,63612.77,656.59812,63553.34831297121,63364.44275590895,54.90155737045019,63.35462498418201,89.61804011014098,-26.26341512595897,17.317382740041385,495.7135714285713,64131.94754005457,63497.405000000006,62862.86245994544,0
1783472400000,63612.78,63649.5,62921.78,63038.01,690.76172,63504.26847364062,63351.6414713635,45.16628179766662,15.074804081683396,74.70939290444947,-59.63458882276608,14.939104184634072,523.6949999999997,64139.63706311014,63492.905000000006,62846.172936889874,0
1783476000000,63038.0,63066.0,62525.47,62979.99,1271.45366,63454.33719043675,63337.06690385906,43.38368803310527,-27.55143513344956,54.25722729686967,-81.80866243031923,16.27456768705897,528.345714285714,64158.543018687014,63474.904500000004,62791.265981312994,0
1783479600000,62979.98,63094.0,62700.18,62766.0,326.19539,63388.78126753801,63314.67212331556,45.947139519023274,-77.70451218083326,27.864879401329084,-105.56939158216235,16.48668632888925,522.0114285714283,64193.754187519604,63459.04550000001,62724.33681248041,1
1783483200000,62766.0,62901.49,62676.0,62800.0,435.16461,63332.70686110582,63294.48890279339,37.73131079606,-113.40046129567054,-0.3881887380708413,-113.0122725575997,16.771267906690635,469.35999999999956,64220.84349196444,63443.84550000001,62666.84750803558,0
1783486800000,62800.01,62876.95,62558.0,62637.88,716.63481,63266.53287433384,63268.739534056396,27.708125670413324,-153.00770961873786,-30.912092914204248,-122.09561670453361,21.190456320056285,440.086428571428,64266.77157597211,63412.9395,62559.10742402789,1
1783490400000,62637.88,62746.0,62477.04,62657.81,457.84929,63208.55926725442,63244.78151311301,26.88016745159598,-180.70549437762384,-60.87077320688817,-119.83472117073566,26.859920260838432,428.3157142857136,64298.93477488294,63381.630000000005,62464.32522511707,1
1783494000000,62657.82,62894.89,62550.0,62888.35,483.7238,63178.06314656353,63230.80380671643,27.582739927651048,-181.9560608482352,-85.08783073515758,-96.86823011307763,31.25881330823608,428.96571428571355,64299.00182446838,63355.74750000001,62412.49317553164,0
1783497600000,62888.34,62941.46,61855.26,62018.36,1707.6886,63067.61522784319,63183.25699076677,24.501502321769934,-250.2631877314925,-118.12290213442458,-132.14028559706793,36.132973382528085,469.6949999999992,64396.33865867168,63282.596,62168.853341328315,1
1783501200000,62018.36,62190.01,61743.83,62057.67,2058.44174,62971.4299680486,63139.11632446219,22.14330927965551,-297.79232488809794,-154.05678668515927,-143.73553820293867,40.95173489946901,464.7871428571421,64471.63259712029,63232.67949999999,61993.72640287969,1
1783504800000,62057.68,62199.97,61903.45,62183.12,934.16537,62896.35282823445,63101.626272522495,26.068782483689034,-321.6292007243246,-187.57126949299234,-134.05793123133228,46.014663157637415,463.3421428571424,64476.768094783205,63163.73299999999,61850.69790521678,1
1783508400000,62183.11,62392.04,62055.63,62299.99,576.86496,62839.5563684026,63070.18955595299,31.316513014192623,-327.3165626960181,-215.5203281335975,-111.79623456242058,49.535236582113576,447.8785714285711,64397.25878920859,63082.206999999995,61767.1552107914,0
1783512000000,62300.0,62451.08,61953.58,61957.73,877.49143,62755.57290474521,63026.56369101365,25.282884224569912,-355.3451618169056,-243.48529487025914,-111.85986694664646,52.78533537975998,451.8428571428568,64315.63746792247,62980.92999999999,61646.22253207752,0
1783515600000,61957.74,62090.0,61632.23,61945.49,1130.9924,62678.42215191234,62984.16864430724,26.73262779421698,-374.23178321570595,-269.6345925393485,-104.59719067635746,56.31656964395478,456.82642857142804,64152.87918036215,62868.90449999999,61584.92981963783,0
1783519200000,61945.49,62173.56,61712.0,61889.83,1415.74086,62603.3181374445,62941.253403354014,19.8273990067037,-389.2043580071768,-293.54854563291417,-95.65581237426261,59.51715578540088,457.32142857142804,64074.83795705034,62779.396499999995,61483.95504294965,0
1783522800000,61889.83,61922.0,61544.56,61704.01,1055.91275,62517.66974340216,62892.734054202876,22.954342713486298,-411.3228783365921,-317.10341217364976,-94.21946616294235,61.96782003549364,432.3014285714281,63957.24806859618,62673.697499999995,61390.14693140381,1
1783526400000,61704.01,62164.6,61692.0,62113.03,762.49481,62479.13262498291,62862.15742462629,34.613091012352655,-391.3363871036636,-331.95000715965256,-59.386379944011026,61.0018435695676,427.4492857142853,63805.38239875393,62594.4495,61383.516601246076,0
1783530000000,62113.02,62394.32,62032.0,62104.62,518.57431,62443.46475593691,62832.45007464095,37.337744388540436,-371.8886644897939,-339.9377386256808,-31.95092586411306,59.925892937051955,425.1992857142853,63691.96746876401,62528.483499999995,61364.99953123598,1
1783533600000,62104.62,62351.97,62045.2,62185.32,301.10629,62418.87954108578,62807.07242465503,38.43856270125485,-345.9761904818952,-341.1454289969237,-4.830761484971447,58.73776165054901,431.005,63527.31211412199,62460.1985,61393.08488587801,1
1783537200000,62185.33,62292.19,62068.0,62277.98,295.91802,62405.46053717285,62786.32370211954,43.04906406680941,-314.33996508560085,-335.78433621465916,21.44437112905831,54.81060932881756,424.2364285714289,63386.37780532908,62405.898,61425.41819467092,0
1783540800000,62277.98,62306.54,62082.8,62099.61,601.65946,62376.33191458496,62759.39375301681,39.84093473592255,-300.200472651617,-328.66756350205077,28.46709085043375,49.72016170700947,421.00642857142884,63136.68218462212,62330.240000000005,61523.79781537789,1
1783544400000,62099.62,62251.22,61956.0,62187.17,844.23046,62358.3164941483,62736.95360583968,36.538136634514885,-278.71659142668796,-318.6773690869782,39.96077766029026,46.36670396723847,417.4585714285718,63023.61732525899,62287.698,61551.77867474101,1
1783548000000,62187.17,62350.63,62178.0,62330.4,268.9098,62355.65778041988,62721.010327179305,58.30972112742076,-247.28247831397312,-304.3983909323772,57.11591261840408,41.39346174892644,352.2035714285718,62915.99138753171,62255.218499999995,61594.445612468284,0
1783551600000,62330.4,62346.6,62174.0,62290.0,231.5253,62349.404658475134,62704.10796140757,56.183429590397424,-223.05936999701953,-288.13058674530566,65.07121674828613,37.03739783940296,332.6621428571431,62847.50667794389,62231.41849999999,61615.33032205609,0
1783555200000,62290.01,62309.88,62058.51,62129.99,419.84137,62328.508024334646,62681.59353154845,48.61149586297362,-214.30349459203717,-273.36516831465195,59.061673722614785,32.131029939536575,329.43714285714253,62753.74629660843,62197.91799999999,61642.08970339155,0
1783558800000,62129.99,62642.0,61837.1,61916.0,891.27709,62289.221545826585,62651.57025580146,40.44957792999162,-222.07170053294976,-263.10647475831155,41.03477422536179,28.075975697617015,362.90071428571383,62690.445815525585,62161.824,61633.202184474416,0
1783562400000,61916.0,62121.21,61705.29,61788.8,588.18699,62241.56235098596,62617.736128122975,45.29513666467995,-235.77417868570774,-257.6400155437908,21.86583685808307,24.56386017365485,357.0735714285708,62617.368434403215,62118.3735,61619.37856559679,1
1783566000000,61788.79,62062.99,61730.0,61974.34,608.39784,62216.11260327301,62592.50490741227,50.73276540839286,-229.02194158390193,-251.91640075181306,22.894459167911123,21.130868542330308,348.16071428571377,62418.73106060627,62072.672999999995,61726.61493939372,1
1783569600000,61974.34,62456.29,61956.46,62453.74,475.51774,62238.74378391367,62587.063146337285,61.78588895251866,-182.87905563138338,-238.10893172772714,55.22987609634376,18.755063056063552,350.8942857142855,62478.77360860609,62094.442,61710.110391393915,1
1783573200000,62453.74,62624.61,62236.0,62589.61,907.8536,62272.15961401713,62587.163022951514,68.90401133899147,-133.804497627214,-217.24804490762452,83.44354728041051,17.77625524455772,351.6921428571425,62563.833330440895,62121.039000000004,61678.24466955911,1
1783576800000,62589.61,62980.0,62485.58,62959.96,790.33126,62337.66441268217,62601.78251224753,68.38203056834908,-64.28734252277354,-186.65590443065432,122.36856190788077,18.633653579926367,353.2507142857139,62740.45744040629,62159.88100000001,61579.30455959373,1
1783580400000,62959.96,63283.26,62788.06,63000.0,902.61366,62400.743992426724,62617.39888431626,69.1703920661836,-5.895641600232921,-150.50385186457004,144.60821026433712,20.347442276756606,362.7421428571428,62885.075441814915,62194.8815,61504.68755818509,0
1783584000000,62999.99,63100.1,62855.63,62903.65,872.78917,62448.6398026718,62628.62441826464,65.2773110673467,32.23398894136335,-113.95628370338336,146.1902726447467,22.112160019810357,358.2921428571426,62991.08831439095,62242.177500000005,61493.26668560906,1
1783587600000,62903.66,63002.0,62786.82,62953.4,549.43771,62496.712202417344,62641.360715587594,64.63176867152498,65.70895316692622,-78.02323632932145,143.73218949624766,23.82994465906555,357.648571428571,63091.406363958864,62292.573,61493.73963604113,0
1783591200000,62953.4,63056.98,62688.0,62786.04,490.23056,62524.26723075855,62647.03441301553,64.94155547332451,77.83630174060818,-46.85132871533553,124.6876304559437,25.451804447900454,368.0228571428571,63141.62072198979,62337.383499999996,61533.1462780102,1
1783594800000,62786.05,62830.0,62614.66,62786.34,613.79257,62549.226542114884,62652.497377211,63.557170590870626,86.47469390813058,-20.18612419064231,106.66081809877289,26.461379532097546,362.3171428571425,63161.204824599525,62391.5,61621.795175400475,0
1783598400000,62786.33,62952.0,62465.39,62614.02,2694.46367,62555.39734762775,62650.98846045763,56.333970556706845,78.51087359598023,-0.44672463331780143,78.95759822929803,28.43615448368687,384.7442857142856,63180.684548177254,62416.5495,61652.41445182275,1
1783602000000,62614.01,63240.15,62523.08,63028.35,732.96491,62600.44045737749,62665.78695220439,64.12942387697538,104.42866823922668,20.528353941191096,83.90031429803558,30.40934052573656,423.63499999999993,63258.49743601566,62462.736,61666.97456398433,0
1783605600000,63028.36,63144.79,62666.66,63016.0,598.40365,62640.01755667487,62679.520797215984,67.9707117213964,122.55937722478848,40.93455859791057,81.6248186268779,33.36565074605888,439.83214285714297,63325.37480169691,62504.27,61683.16519830308,0
1783609200000,63016.0,63261.0,62811.1,62868.05,857.13379,62661.73493222965,62686.91409928595,69.84173297597877,123.56538139039912,57.460723156408285,66.10465823399085,37.29136067700235,414.4750000000001,63363.006728199245,62533.773499999996,61704.540271800746,0
1783612800000,62868.06,62996.0,62559.59,62700.01,532.13757,62665.3801767792,62687.42766401983,68.67271870325217,109.54050851285865,67.87668022769836,41.66382828516029,40.386312573910054,415.9385714285719,63369.9989613743,62563.79349999999,61757.58803862568,1
1783616400000,62700.01,63165.12,62668.0,63142.79,730.95491,62710.84777899071,62705.28501052885,71.6605059339536,132.62551684512437,80.82644755118356,51.7990692939408,43.07164543278513,427.6621428571437,63436.843276033025,62611.5745,61786.30572396698,1
1783620000000,63142.79,63500.0,63080.0,63219.03,776.88222,62759.246085753504,62725.43187286105,66.68003469876166,155.28248329523922,95.71765469999471,59.56482859524451,44.75356439551728,421.96000000000066,63512.6254937982,62656.00600000001,61799.386506201816,1
1783623600000,63219.03,63375.73,63118.45,63248.1,606.23375,62805.80360139602,62745.92866216062,65.05305797744182,173.58304124567076,111.29073200912993,62.29230923654083,45.029631921517996,412.5792857142868,63581.25779919651,62703.911,61826.56420080349,1
1783627200000,63248.09,63330.85,63177.36,63313.38,236.61262,62854.14421078688,62768.18165580138,59.38868108981171,191.15045227525843,127.26267606235564,63.88777621290279,44.421140595825996,388.2271428571439,63637.067038725894,62763.080500000004,61889.09396127411,0
1783630800000,63313.38,63397.94,63208.91,63274.59,261.44616,62894.18666690242,62788.04080655427,57.299392315421734,199.64138168846694,141.7384171875779,57.90296450088903,43.091468200154445,366.3578571428578,63636.27000869376,62831.01000000001,62025.74999130626,0
1783634400000,63274.6,63418.0,63218.77,63218.78,274.28375,62925.10031767362,62804.93253963058,58.56159359259277,199.5666240300052,153.30405855606338,46.262565473941805,41.81829444747034,363.12642857142936,63558.17727883539,62902.509,62246.840721164604,1
1783638000000,63218.78,63325.0,63060.91,63230.0,331.02016,62954.13838265709,62821.60185180193,57.675487279669674,198.12883242829412,162.26901333050955,35.859819097784566,40.42281853255464,366.6200000000005,63469.78711961068,62965.291999999994,62460.79688038931,0
1783641600000,63230.01,63255.49,62926.01,63113.93,626.86453,62969.35663192785,62833.06570075087,59.36534232098488,185.48533379529545,166.91227742346675,18.5730563718287,39.03890824576005,363.79857142857145,63444.941131414365,62998.3015,62551.66186858564,1
1783645200000,63113.92,63999.99,62962.0,63749.86,1229.10229,63043.69028602995,62869.01841836849,70.1895917323925,224.1951245096643,178.36884684070628,45.82627766895803,39.37415449007675,422.55928571428586,63575.03012666324,63056.314,62537.59787333676,1
1783648800000,63749.86,64050.23,63692.76,63961.99,1017.85326,63131.14740164615,62911.88004902071,77.78185400599357,268.89042920599604,196.47316331376425,72.4172658922318,40.799113639767846,413.33500000000015,63761.5695136973,63106.41549999999,62451.261486302676,0
1783652400000,63961.99,64050.0,63822.8,63947.2,410.93478,63208.86669672747,62952.48083141205,72.67142046435893,299.6640106153063,217.11133277407268,82.55267784123365,41.265456720292136,378.3442857142857,63906.253810609276,63153.77549999999,62401.2971893907,1
1783656000000,63947.2,64176.86,63857.64,64047.88,567.80609,63288.77272561057,62995.43766155276,74.39686397639474,328.39084493183327,239.3672352056248,89.02360972620846,41.53447192451411,366.99357142857167,64052.15900371709,63210.987,62369.81499628291,1
1783659600000,64047.89,64200.0,63944.05,64115.99,507.936,63367.555323171466,63039.38089051147,80.66282052542084,352.58855449683324,262.0114990638665,90.57705543296674,41.00617160342757,353.13999999999993,64192.047495454775,63269.116500000004,62346.18550454523,0
1783663200000,64116.0,64162.0,63836.0,63854.71,352.90834,63413.951006678944,63071.35458107965,77.12881429202419,346.68592176859966,278.94638360481315,67.7395381637865,41.801821352164076,345.2535714285711,64251.44427988426,63322.55,62393.65572011575,1
1783666800000,63854.71,64011.9,63802.02,63963.0,566.0984,63466.241386995236,63106.321068096135,72.86376129654515,346.7490337704803,292.5069136379466,54.24212013253373,41.86334957546874,324.7364285714284,64316.31225381978,63381.382999999994,62446.45374618021,1
1783670400000,63963.0,64392.0,63962.99,64246.01,945.88564,63540.505064424266,63151.01475170021,75.66859622286884,365.423220851495,307.09017508065625,58.33304577083874,42.08956687962434,325.38,64400.78560784898,63462.9825,62525.17939215102,1
1783674000000,64246.0,64480.01,64102.0,64385.09,1051.0085,63620.941724955286,63199.40985947668,76.93689083474301,386.98432787107595,323.06900563874024,63.91532223233571,42.722024648064526,334.0035714285711,64530.48726989615,63530.819500000005,62531.15173010386,1
1783677600000,64385.09,64494.84,64274.47,64407.8,400.85807,63695.88060829288,63246.79770812465,76.4621113206636,401.2784792069724,338.71090035238666,62.56757885458575,44.051536347767,338.78071428571377,64642.072609101924,63600.409499999994,62558.746390898064,1
1783681200000,64407.8,64480.0,64341.83,64425.18,337.28843,63765.33769321737,63293.00877839427,78.1113027671771,409.29106524841336,352.826933331592,56.46413191682137,45.861876741124085,335.1478571428566,64722.216785761644,63678.266,62634.31521423836,0
1783684800000,64425.18,64608.0,63999.0,64286.64,1081.95063,63814.98553195858,63331.974708653324,75.07631902762515,399.8528227994102,362.2321112251557,37.62071157425453,46.15414688419323,364.4171428571421,64727.02188582293,63757.597499999996,62788.173114177065,1
1783688400000,64286.65,64692.83,64152.84,64484.0,826.67946,63878.70119558157,63377.152171059075,77.08002211319189,403.6452787405142,370.5147447282274,33.13053401228677,47.72228088230653,384.1242857142856,64800.54651886277,63824.657999999996,62848.76948113722,0
1783692000000,64484.0,64516.0,63793.43,63914.87,1338.73193,63882.145843621416,63398.23914474304,64.46565188808061,356.61594617311493,367.7349850172049,-11.119038844089971,48.682109858227754,412.202142857143,64793.129272240956,63859.45,62925.77072775904,1
1783695600000,63914.88,64210.0,63898.0,64040.0,737.82713,63897.17957280033,63423.406237106065,56.42579353478442,325.6874839488228,359.32548480352847,-33.638000854705695,45.6285560198737,360.34571428571456,64789.73838698732,63899.045000000006,63008.35161301269,1
1783699200000,64039.99,64220.0,63826.57,64140.01,671.46586,63920.30628015268,63451.508345454844,54.14868329060834,305.72225019532925,348.60483788188867,-42.88258768655942,42.057917924018454,362.91428571428594,64792.52359032556,63940.3765,63088.22940967444,0
1783702800000,64140.0,64158.58,63821.88,63823.99,491.57909,63911.13330109052,63466.1154691625,47.48214964462775,261.3863861412174,331.1611475337544,-69.77476139253702,38.97448147561909,370.735714285715,64763.15071688997,63967.8465,63172.54228311003,0
1783706400000,63824.0,64003.99,63732.66,63810.0,566.18067,63901.501558129516,63479.60113703848,44.96025491093377,222.5555366841072,309.440025363825,-86.88448867971778,36.56265969334036,367.3150000000002,64715.702942717166,63997.40750000001,63279.11205728285,1
1783710000000,63809.99,64077.56,63780.0,63917.88,1227.53052,63903.06140973623,63496.78854342913,45.87238156354043,198.2020730161894,287.1924348942979,-88.9903618781085,34.07704717871258,370.2871428571431,64654.952413015824,64031.8015,63408.65058698418,0
1783713600000,63917.88,63946.36,63656.0,63841.25,1126.81538,63897.174608808964,63510.29683584368,49.69618447425921,170.75007643287245,263.9039632020128,-93.15388676914034,30.865102819978347,367.7414285714289,64529.71594676639,64068.167499999996,63606.619053233604,1
1783717200000,63841.25,64099.56,63835.05,64011.99,307.30047,63908.10940797001,63529.9710775753,51.07546946140907,160.91651698516944,243.30647395864412,-82.38995697347468,27.38914448279402,371.6435714285711,64519.03835417609,64081.274,63643.509645823906,1
1783720800000,64012.0,64169.39,63981.37,64112.29,508.14182,63927.55517863953,63552.807113748815,46.80843954365359,159.37949443229445,226.5210780533742,-67.14158362107975,25.244149277101375,354.42999999999927,64523.07790616592,64088.789000000004,63654.50009383409,1
1783724400000,64112.3,64222.61,64024.0,64161.72,690.25393,63949.85659019767,63576.686050464545,44.43037027802031,160.30211785175925,213.27728601305122,-52.975168161291975,23.139548353396112,341.6157142857134,64529.656494690505,64099.515,63669.37350530949,0
1783728000000,64161.72,64168.49,64028.43,64124.0,315.78502,63966.44167684551,63598.14934260319,42.97615158444943,156.18916334732057,201.85966147990513,-45.670498132584555,21.09557728533872,335.879285714285,64532.88546245967,64103.320999999996,63673.75653754032,0
1783731600000,64123.99,64310.0,64004.01,64012.95,405.42387,63970.87104095546,63614.416035050126,40.24967714162713,142.32814015042823,189.95335721400974,-47.625217063581516,18.49828285085193,347.8664285714279,64529.56142903569,64098.168999999994,63666.7765709643,1
1783735200000,64012.95,64166.0,63984.07,64158.04,205.49018,63988.69665610256,63635.7346219109,46.96766769787976,141.42052208846872,180.24679018890154,-38.82626810043283,16.713592261994197,317.3614285714279,64529.75737103295,64113.3355,63696.91362896705,0
1783738800000,64158.04,64195.04,64068.0,64150.42,174.79238,64004.09887933089,63655.91836222812,41.36134331914186,138.48993218706892,171.89541858853502,-33.405486401466106,14.437940021860438,287.864999999999,64533.27792835561,64122.70650000001,63712.13507164441,1
1783742400000,64150.42,64213.55,64080.26,64152.0,223.52551,64018.184700346996,63675.37254410153,58.697613685546244,134.7416930086256,164.46467347255313,-29.72298046392754,13.890518922939306,245.7735714285705,64524.7685005977,64118.00600000001,63711.24349940232,1
1783746000000,64152.0,64221.99,64121.07,64176.01,535.97468,64033.21568126632,63695.00538550931,55.38836990024327,132.18484814791736,158.008708407626,-25.823860259708624,15.470804277249561,230.69642857142753,64495.73524623662,64107.552,63719.36875376339,1
1783749600000,64176.0,64278.0,64124.0,64219.1,302.84507,64050.91894971715,63715.55811548934,53.28133427374169,132.11262099895976,152.82949092589274,-20.716869926932986,18.043554643200487,213.59428571428467,64464.111913806846,64098.117000000006,63732.122086193165,0
1783753200000,64219.09,64256.55,64152.0,64162.18,422.67072,64061.51524022028,63733.07269919564,67.87379102584437,126.00984906176018,147.46556255306623,-21.455713491306057,20.652326549572116,197.0121428571417,64418.985192832355,64084.96699999999,63750.948807167624,1
1783756800000,64162.18,64300.0,64153.87,64265.98,169.11443,64080.988074485016,63753.97102471738,72.00973104473576,128.07280724130396,143.5870114907138,-15.51420424940983,23.69131521057168,188.06928571428475,64415.44444847843,64083.93400000001,63752.423551521584,0
1783760400000,64265.98,64300.0,64159.7,64167.34,347.53946,64089.21206739121,63770.18157276768,62.14957822758153,120.36084789774031,138.9417787721191,-18.580930874378794,26.67144636224316,176.836428571428,64344.891314551125,64068.101,63791.31068544888,1
1783764000000,64167.35,64204.02,64129.99,64196.0,421.25234,64099.382346687285,63786.880334619935,68.12445716037355,115.23334872091073,134.20009276187744,-18.966744040966717,31.20513967607358,161.384285714285,64354.70411893228,64082.157499999994,63809.61088106771,1
1783767600000,64196.0,64215.32,64167.99,64198.0,417.44096,64108.77450414564,63803.00267443876,61.48337469595363,110.06242089038278,129.37255838757852,-19.31013749719574,36.03506737940238,145.87142857142837,64366.58937218389,64090.057499999995,63813.5256278161,0
1783771200000,64197.99,64228.0,64130.65,64195.49,408.31399,64117.03312279843,63818.39433426469,55.84171207099887,104.55662363410374,124.40937143688357,-19.85274780277983,38.26562990548937,139.39499999999992,64372.56775580808,64092.83149999999,63813.09524419191,1
1783774800000,64195.48,64266.0,64159.99,64235.66,352.18455,64128.33092062715,63834.75769370529,55.25993796773178,102.25588078505825,119.97867330651852,-17.722792521460264,40.19674367725567,132.7807142857143,64369.436952064265,64113.415,63857.39304793574,1
1783778400000,64235.67,64504.11,64235.66,64350.07,551.43161,64149.44892818647,63854.96601944234,64.50003206978337,108.4147189428113,117.66588243377709,-9.25116349096578,43.180087673134416,141.95142857142855,64374.69702801148,64140.41849999999,63906.13997198851,0
1783782000000,64350.07,64484.01,63896.18,64175.75,1185.62457,64151.953792168715,63867.54578338578,59.65805272774725,98.09865517533035,113.75243698208774,-15.653781806757394,42.16938021871947,162.0828571428574,64363.12927405146,64153.312,63943.494725948534,1
1783785600000,64175.75,64273.63,64084.0,64180.01,468.52631,64154.62581196217,63879.799282076536,51.56483710594172,89.23816470023303,108.84958252571681,-19.611417825483784,41.978302824457025,162.63285714285718,64320.12910553394,64170.25,64020.37089446606,1
1783789200000,64180.0,64402.0,64164.08,64315.53,272.95245,64169.950020346725,63896.88676121079,59.947703912566595,92.0899380921037,105.4976536389942,-13.4077155468905,42.13031563182467,170.552857142857,64329.178261068606,64185.427,64041.6757389314,1
1783792800000,64315.53,64395.17,64288.91,64327.99,274.24491,64185.00144698037,63913.79277057508,60.466001403475126,94.26873561459797,103.25187003411496,-8.983134419516986,41.37235677233862,168.62214285714228,64348.944916336004,64196.212,64043.479083663995,0
1783796400000,64327.99,64338.0,64233.23,64286.0,202.32307,64194.62035679177,63928.389132513315,56.40407569141177,91.55185349559179,100.91186672641032,-9.360013230818538,40.05374409563739,168.89714285714217,64359.30664097764,64202.426,64045.54535902236,1
1783800000000,64286.0,64463.83,64285.99,64382.45,197.23083,64212.50889424017,63946.19544104221,58.95451206543055,96.07393327703903,99.94428003653607,-3.870346759497039,38.15266416896816,170.5999999999996,64386.91894075211,64215.3485,64043.77805924789,0
1783803600000,64382.44,64427.56,64338.09,64355.99,116.51883,64226.17376145539,63962.26581590331,60.991323087392715,96.41124440749263,99.2376729107274,-2.826428503234766,36.19733986560435,169.5228571428566,64386.57090994943,64232.5005,64078.43009005058,0
1783807200000,64355.99,64424.03,64144.47,64203.08,303.31895,64223.9743556025,63971.7095093973,46.62104086982674,83.3788671517832,96.06591175893857,-12.687044607155372,32.60442164492894,179.0535714285709,64385.52161800529,64234.7525,64083.983381994716,0
1783810800000,64203.09,64246.0,63819.0,63819.0,877.44963,64185.405369354645,63965.72090118564,35.67916461108382,41.5792682517058,85.16858305749201,-43.589314805786216,30.691130242700314,199.53214285714213,64455.8101412227,64218.18149999999,63980.552858777286,1
1783814400000,63819.01,63909.92,63702.16,63828.47,2302.50352,64151.411524654206,63960.33851290385,34.64799792817101,9.11189853509859,69.95724615301333,-60.84534761791474,27.446157391275957,209.0842857142847,64495.97295103131,64202.00499999999,63908.03704896867,1
1783818000000,63828.48,64172.66,63812.0,64133.61,394.25068,64149.716141353805,63967.13347318213,47.85388127853882,7.912313731088943,57.548259668628454,-49.63594593753951,23.398267585608625,231.4649999999991,64495.25051489881,64199.884999999995,63904.51948510118,0
1783821600000,64133.61,64133.62,64029.51,64070.39,908.56961,64142.16127074868,63971.18274874362,45.9925938264803,1.8391083862807136,46.406429412158914,-44.5673210258782,20.46525147224042,231.9478571428564,64493.21615048344,64192.4495,63891.68284951657,1
1783825200000,64070.4,64223.74,64035.68,64223.73,488.95119,64149.92972115357,63981.08656251838,49.643674247175966,9.292191282678687,38.98358178626287,-29.69139050358418,17.413987696123616,237.80857142857036,64496.24913179869,64195.527,63894.80486820131,0
1783828800000,64223.73,64245.87,63943.68,63999.93,412.9132,64135.64403342466,63981.825520850995,40.1834677193258,-2.8273841265036026,30.621388603709576,-33.44877273021318,14.530948523051169,240.21857142857075,64493.18768404676,64182.22450000001,63871.26131595326,0
1783832400000,63999.94,64024.48,63900.0,63959.93,291.33944,64118.90936357469,63980.96687297449,43.456430780425684,-15.481440254763584,21.400822832014946,-36.88226308677853,15.26704882958551,207.12214285714228,64498.35324145615,64171.85400000001,63845.354758543865,0
1783836000000,63959.93,63962.85,63640.83,63762.46,526.52081,64084.961805139006,63972.397975995096,38.66775949758717,-40.97175271702872,8.926307722206213,-49.89806043923493,16.764743037548236,216.5785714285708,64524.055929469025,64150.177,63776.29807053098,1
1783839600000,63762.47,63908.39,63740.12,63885.27,506.72582,64065.94353798291,63968.98119262274,38.241692173152536,-50.6790715667521,-2.994768135585451,-47.68430343116665,18.298045889218745,211.6035714285707,64525.75442255504,64134.5405,63743.32657744497,1
1783843200000,63885.28,64100.32,63884.2,63983.18,1349.77159,64058.06129627025,63969.53800859832,40.997362993133414,-49.896497200388694,-12.3751139485461,-37.52138325184259,18.895116724682055,219.45071428571413,64519.67105502153,64123.925,63728.17894497848,0
1783846800000,63983.18,64062.17,63764.0,63961.61,3089.49803,64048.87545853022,63969.22710630034,41.43922560077697,-50.43543184554437,-19.987177527945754,-30.448254317598618,20.196325286206058,233.26499999999993,64508.64762185226,64110.222499999996,63711.797378147734,0
1783850400000,63961.6,63961.6,63843.4,63865.76,250.37178,64031.43589105115,63965.16957271994,36.3600365358523,-57.92906517897791,-27.575555058152183,-30.353510120825725,21.711470595713365,229.00571428571388,64481.91622033085,64086.007000000005,63690.09777966916,1
1783854000000,63865.76,64030.0,63826.01,64018.01,158.66802,64030.15723476056,63967.24174633877,41.63341287837543,-50.99468599372631,-32.25938124526701,-18.7353047484593,22.90910291166242,237.18571428571366,64472.78447218103,64078.12000000001,63683.45552781899,1
1783857600000,64018.0,64135.0,63970.55,64026.0,320.06272,64029.7613076405,63969.54599158039,45.27761480612296,-44.343252888545976,-34.676155573922806,-9.66709731462317,23.286097658962227,228.96357142857076,64462.716161349716,64070.4195,63678.12283865029,0
1783861200000,64026.01,64097.99,63987.4,64023.14,369.91648,64029.13070691283,63971.64771740077,56.83345830432215,-38.85482805812353,-35.51189007076295,-3.3429379873605782,21.767810003361436,206.36285714285623,64431.05872708646,64055.8,63680.54127291354,1
1783864800000,64023.13,64290.11,63958.71,64203.08,261.44826,64045.697306254464,63980.723493188976,61.255295496199224,-19.75780201653106,-32.36107245991658,12.603270443385519,21.280433538571227,215.1942857142853,64409.58802478525,64049.554500000006,63689.520975214764,0
1783868400000,64203.08,64262.15,64117.97,64176.0,230.70025,64058.107086611184,63988.381395416865,51.52912148561779,-6.730812359819538,-27.23502043989717,20.504208080077632,20.909285732186273,199.7314285714279,64392.03866482548,64044.054500000006,63696.07033517453,1
1783872000000,64176.0,64209.64,64042.0,64177.7,260.32939,64069.49688788631,63995.80565442013,54.05074854481066,3.68783551776869,-21.050449248364,24.73828476613269,20.155371904241132,204.26928571428496,64350.52544212207,64033.817,63717.10855787794,0
1783875600000,64177.7,64177.74,64029.12,64078.0,243.96602,64070.306708087606,63999.028962089935,44.26679675513194,3.8552908575657057,-16.069301227178062,19.924592084743768,19.856554117931747,201.45214285714195,64299.29195190209,64019.9175,63740.54304809792,1
1783879200000,64078.0,64150.0,64018.69,64147.99,207.74726,64077.70511684116,64004.87057141974,56.626861930678814,9.525800985800743,-10.950280784582302,20.476081770383047,17.912792933382917,189.24642857142732,64289.942154640004,64017.163,63744.38384536,1
1783882800000,64148.0,64270.0,64147.3,64228.59,178.3269,64092.07510571343,64013.64388234446,61.60297826762938,20.289581844270288,-4.702308258811784,24.99189010308207,17.848671732694672,189.11928571428402,64309.27879808763,64037.6425,63766.00620191237,0
1783886400000,64228.59,64254.0,64178.03,64198.89,158.2404,64102.24795278835,64020.90843597801,72.04303247638794,26.1222924103713,1.4626118750248334,24.659680535346467,19.0647681451759,171.54428571428434,64318.08831655866,64056.1635,63794.23868344135,0
1783890000000,64198.9,64232.02,63891.84,63920.4,317.29013,64084.92910014184,64016.96692868476,51.533217530965715,8.178663453210902,2.805822190662047,5.372841262548855,17.15979254339782,183.82357142857032,64311.47994305653,64045.50299999999,63779.52605694345,0
1783893600000,63920.4,63923.99,63668.0,63886.87,425.91972,64066.06632869976,64011.86508834418,45.546358381502934,-8.647697279076965,0.5151182967142447,-9.16281557579121,17.22213577911871,186.67142857142713,64311.20259828482,64036.327000000005,63761.45140171519,0
1783897200000,63886.86,63914.85,63726.62,63780.0,260.80581,64038.82191644264,64002.772339781666,42.215935879302116,-30.2574363453532,-5.639392631699245,-24.618043713653954,16.510390777797927,178.8185714285698,64296.8464677303,64014.1405,63731.434532269705,1
1783900800000,63780.0,64425.0,63568.0,64072.01,1134.90308,64041.98268630525,64005.48754214317,57.56764095075259,-23.54908448734932,-9.22133100282926,-14.32775348452006,14.798944512112701,231.58928571428416,64301.52344262001,64017.74449999999,63733.965557379976,0
1783904400000,64072.0,64072.01,63376.53,63412.01,1113.66129,63981.98528760952,63982.21391303952,33.80077627963168,-70.67446027397091,-21.51195685705759,-49.16250341691332,12.914807194909686,266.6957142857131,64382.664369264334,63990.3485,63598.032630735666,0
1783908000000,63412.01,63541.94,63237.26,63375.99,621.99474,63924.27145069432,63958.44042625366,32.88086847968643,-109.66403434868698,-39.14237235538347,-70.52166199330351,13.0562200810129,276.7121428571419,64440.98939195662,63971.025,63501.060608043386,0
1783911600000,63376.0,63382.95,62741.04,62806.41,1068.82271,63817.8084553901,63913.26276247901,25.32198068318725,-184.3982700556735,-68.19355189544147,-116.20471816023202,14.928398641929542,314.66357142857044,64618.94317225693,63917.081999999995,63215.22082774306,0
1783915200000,62806.41,62911.94,62620.13,62672.0,670.25607,63708.68384059104,63864.585791401405,18.361932156318062,-251.5714943838757,-104.86914039312832,-146.70235399074738,16.458188529649878,311.83571428571355,64745.92592825394,63851.523,62957.12007174606,1
1783918800000,62672.0,62905.68,62500.76,62799.0,816.14848,63622.04728434428,63822.79811330724,22.67423400539758,-291.2021231950348,-142.13573695350962,-149.06638624152518,19.319472129758903,330.4599999999991,64801.55876220539,63793.392499999994,62785.226237794595,0
1783922400000,62799.01,62880.0,62710.45,62797.55,385.11506,63543.52373345434,63782.592304942256,22.609006291305306,-319.04888795368606,-177.51836715354492,-141.53052080014115,22.51652882429585,330.59642857142796,64840.92015092102,63739.981999999996,62639.043849078975,1
1783926000000,62797.55,63070.01,62753.69,62985.52,1476.1879,63490.3805207444,63751.33456749354,29.052162508340786,-322.23551119247713,-206.46179596133138,-115.77371523114576,24.685182746459436,342.5749999999997,64830.46261253595,63688.3575,62546.25238746405,1
1783929600000,62985.53,63302.88,62935.92,63206.97,1893.03927,63463.38904257827,63729.986937395755,32.946851849167146,-303.3944267078623,-225.84832211063755,-77.54610459722474,26.364559084414342,359.4071428571427,64797.24446725378,63647.405999999995,62497.56753274621,0
1783933200000,63206.98,63210.0,63086.12,63100.02,663.43575,63428.78246709462,63705.28235161553,29.74154798361475,-293.7070308671173,-239.4200638619335,-54.28696700518378,27.60586211098593,359.4914285714284,64761.64541774241,63601.25,62440.85458225759,0
1783936800000,63100.02,63157.85,62862.28,62867.89,788.29364,63375.36413689513,63672.443435865905,27.726533371710858,-301.28759502759203,-251.79357009506523,-49.4940249325268,27.021135979950518,375.17714285714254,64702.70453681485,63534.4905,62366.27646318515,1
1783940400000,62867.9,63135.55,62867.9,62901.99,458.30123,63330.28088576226,63642.22957563587,31.439381513193084,-301.07307868576754,-261.6494718132057,-39.423606872561834,28.319936137552343,369.9971428571428,64630.62724266616,63470.79,62310.95275733384,0
1783944000000,62901.99,62990.04,62570.0,62625.15,689.69237,63263.12556330871,63602.34410208152,28.878256851860513,-319.55808065515885,-273.23119358159636,-46.32688707356249,28.847514285519765,381.71500000000015,64561.577641290314,63393.1625,62224.74735870968,0
1783947600000,62625.15,62766.37,62164.0,62318.0,2175.34811,63173.11360489836,63551.97766670578,27.063500530269266,-354.9009388288323,-289.56514263104356,-65.33579619778874,30.608570153932032,411.2964285714292,64520.56914422139,63305.1625,62089.75585577861,1
1783951200000,62318.01,62794.97,62101.0,62791.85,1780.86024,63136.80278538423,63522.16873859968,31.000326516073414,-340.74675718338403,-299.8014655415117,-40.94529164187236,34.464250011331124,399.6514285714293,64405.16397107582,63237.355500000005,62069.54702892419,0
1783954800000,62791.85,62983.83,62559.58,62618.01,1226.00074,63087.39394868097,63486.711533164394,36.228379944080935,-339.64172304881504,-307.7695170429724,-31.872206005842656,37.731206926473526,380.2778571428576,64256.99716492938,63156.8265,62056.655835070625,0
1783958400000,62618.0,62629.35,62212.0,62276.0,970.69108,63010.11833452088,63439.23264951089,32.75191063526856,-362.1882436208907,-318.65326235855605,-43.53498126233467,40.38718088107313,388.32571428571464,64112.43414954334,63060.68200000001,62008.929850456676,0
1783962000000,62276.01,62370.0,61900.0,61904.99,1161.78052,62904.86801694746,63379.066271098694,34.92689354415806,-405.3216344551838,-335.9869367778816,-69.33469767730219,41.575538883932964,376.0464285714292,64050.32738978101,62959.91150000001,61869.49561021901,1
1783965600000,61904.99,62100.0,61824.97,62020.0,662.51495,62820.59487247627,63325.76955458502,39.026377088691085,-425.32196477316756,-353.8539423769388,-71.46802239622878,41.73176734097307,374.8478571428573,63942.398523488235,62866.56800000001,61790.73747651178,1
1783969200000,62020.0,62292.84,61990.0,62288.23,503.43262,62769.89345604996,63285.08172891502,41.79351476065159,-414.74750032403244,-366.03265396635754,-48.7148463576749,40.73116494809726,367.5564285714286,63806.25151630191,62791.9795,61777.70748369809,0
1783972800000,62288.23,62324.74,62050.71,62210.99,294.43026,62716.66455547377,63242.960484643845,40.79986699207593,-407.89779170633847,-374.4056815143538,-33.49211019198469,39.72802975053363,375.0192857142855,63546.51984029284,62698.9285,61851.33715970716,0
1783976400000,62211.0,62216.35,61897.45,62065.06,385.18322,62654.60697876198,63196.768308775456,35.36973812203178,-409.52394259895664,-381.42933373127437,-28.09460886768227,40.51680490717926,375.2035714285713,63454.29063928089,62631.58099999999,61808.871360719095,0
1783980000000,62065.05,62224.0,61911.31,61924.0,386.45256,62585.025361737025,63146.85582607838,29.073025918736874,-417.38370249945,-388.62020748490954,-28.763495014540467,43.150803543433746,371.327142857143,63361.10438459561,62558.981499999994,61756.85861540438,1
1783983600000,61924.0,62347.46,61882.88,62334.52,355.95615,62561.16770823826,63114.99951917335,38.63879225389739,-386.03709042719856,-388.10358407336736,2.0664936461687944,44.84294753359462,395.6628571428576,63334.62129451035,62535.387,61736.15270548966,1
1783987200000,62334.52,62666.66,62272.2,62549.54,827.98236,62560.06030745366,63092.824636068515,45.25107330069429,-339.9259033001945,-378.4680479187328,38.542144618538316,44.500510922889326,402.7264285714295,63325.96387696443,62529.264,61732.564123035576,0
1783990800000,62549.55,62640.0,62460.03,62540.42,471.32047,62558.189801981884,63071.16170916387,44.565847969388294,-300.65262673857796,-362.90496368270186,62.2523369441239,44.66398077395748,396.4628571428579,63302.93254467304,62516.33500000001,61729.73745532697,1
1783994400000,62540.41,62645.0,62329.98,62544.0,510.10327,62556.838392269325,63050.48870096137,48.671227448527446,-266.1711408086703,-343.5581991078956,77.38705829922526,44.322471306618304,388.96142857142905,63279.26777353769,62503.657499999994,61728.047226462295,1
1783998000000,62544.0,62604.0,62314.0,62572.89,439.89615,62558.367116815105,63031.75934013935,54.59209962130354,-233.81782686575752,-321.61012465946794,87.79229779371042,42.30237197100583,366.649285714286,63225.92957131387,62483.026,61740.122428686125,1
1784001600000,62572.88,62768.95,62539.71,62745.23,314.71779,62576.16358188033,63020.522895428,49.05772495755528,-192.05727802882757,-295.6995553333399,103.64227730451233,37.82668779966026,333.45428571428573,63133.58547661057,62459.939,61786.29252338943,0
1784005200000,62745.24,62872.0,62697.69,62737.0,625.4247,62591.481335986966,63009.40435050926,52.57756077272661,-157.80673659784952,-268.12099158624187,110.31425498839235,34.738953404846846,315.60142857142847,63060.107950992286,62441.788,61823.468049007715,0
1784008800000,62737.0,62772.48,62566.01,62624.05,742.03175,62594.58311351202,62994.292415195174,58.370087488516816,-138.1841558573724,-242.133624440468,103.94946858309561,31.36971599311172,300.5385714285715,63021.595563208706,62429.596,61837.59643679129,0
1784012400000,62624.06,62655.99,62516.93,62560.92,406.16223,62591.37710270135,62977.29741852085,68.51601976005624,-126.27160221902159,-218.96121999617873,92.68961777715714,29.54134725742937,276.8999999999999,62965.61525774943,62412.542499999996,61859.46974225056,1
1784016000000,62560.92,62807.94,62500.0,62713.85,377.86259,62603.041188158364,62966.96614720631,69.17592044970873,-103.29986814659787,-195.82894962626258,92.52908147966471,28.60460723043346,279.2507142857144,62978.585320454935,62416.9775,61855.36967954507,0
1784019600000,62713.85,62742.0,62534.29,62629.55,614.55321,62605.56583690518,62953.73414143352,60.500602987866316,-90.84965064658172,-174.83308983032643,83.98343918374471,28.017285703466843,272.45571428571463,62999.857617861926,62432.55500000001,61865.25238213809,1
1784023200000,62629.56,62908.8,62609.47,62800.0,437.22084,62624.083376247545,62947.70535157338,67.13782769356106,-66.46273208507046,-153.15901828127522,86.69628619620477,27.999515279056684,274.2628571428577,63001.36244184631,62432.9625,61864.562558153695,1
1784026800000,62800.01,62923.06,62713.6,62844.99,302.90008,62645.122102319205,62943.6772985705,74.10896996000022,-43.00981603733817,-131.1291778324878,88.11936179514964,28.054205853058864,266.44571428571464,63036.82104839505,62444.311499999996,61851.80195160494,1
1784030400000,62844.99,63989.54,62780.84,63960.0,3109.78866,62770.348568764995,62983.53309078343,89.28287529037675,64.8017827583244,-91.94298571432537,156.74476847264978,28.67672430432039,330.44642857142907,63422.321912190055,62528.5115,61634.701087809946,0
1784034000000,63959.99,64181.99,63699.03,63840.01,1522.71413,62872.22108602547,63017.12042055663,82.7148153138079,138.95922588588292,-45.762543394283725,184.72176928016665,30.036267824547007,331.759285714286,63644.94203025316,62625.2625,61605.582969746836,1
1784037600000,63840.01,64346.49,63580.99,64305.02,1089.85313,63008.67812545162,63067.62628641716,84.4087623288852,232.5710206338481,9.904169411342636,222.66685122250544,32.3384653657052,358.26214285714275,63964.9433391617,62739.51349999999,61514.083660838274,1
1784041200000,64305.01,64966.43,64194.64,64743.99,3074.26518,63173.945923027655,63133.366039891,86.96310013855484,338.2807627226139,75.57948807359689,262.70127464901697,35.168305417966344,400.53499999999985,64359.365522374086,62862.30149999999,61365.23747762589,0
1784044800000,64744.0,64896.86,64606.0,64730.0,1264.07966,63322.14154940598,63195.979136365866,86.54076317707401,416.13072290357377,143.68973503959228,272.4409878639815,38.88989172259603,398.80928571428586,64667.382333271125,62988.252,61309.121666728875,0
1784048400000,64730.01,64730.01,64231.77,64621.43,1156.00933,63445.88330660541,63251.87917023387,83.35450004233351,463.7211962886213,207.6960272893981,256.0251689992232,42.27221420268112,413.68357142857195,64886.03982732886,63116.07050000001,61346.10117267116,0
1784052000000,64621.43,64648.88,64477.23,64571.98,502.24971,63553.130610738226,63303.647830224705,80.9831850391966,491.7778783277463,264.51239749706775,227.26548083067854,46.20813163544153,409.5700000000002,65039.018356442095,63248.46950000001,61457.92064355792,0
1784055600000,64571.99,64704.0,64487.38,64569.59,367.96179,63649.93626685839,63353.29262119629,81.14393313687707,507.9646476936905,313.2028475363923,194.76180015729818,49.78727336866325,412.5921428571434,65189.17659939007,63360.223,61531.26940060993,1
1784059200000,64569.59,64599.0,64419.99,64572.02,281.25074,63737.75376525283,63401.08585173761,84.39686256228785,515.0516647445838,353.57261097803064,161.4790537665532,53.601970462712394,410.63071428571493,65324.89270371018,63461.346999999994,61597.80129628981,1
1784062800000,64572.02,64893.92,64526.0,64676.9,427.49727,63827.19626380018,63451.11777912045,86.82065595678941,523.1011320665639,387.4783151957373,135.62281687082657,56.55090769086282,426.97785714285783,65454.244477308974,63568.17100000001,61682.097522691045,1
1784066400000,64676.89,65100.0,64516.0,64860.89,1268.06322,63925.6432862954,63506.402964252986,86.96159646332156,538.1236932781758,417.60739081222505,120.51630246595073,58.73963013004901,446.69642857142907,65589.73236916275,63684.015499999994,61778.29863083723,1
1784070000000,64860.89,65048.0,64782.0,65043.98,418.50558,64032.151544743465,63566.70010290973,90.19748868710481,558.366512537672,445.7592151573145,112.60729738035747,61.549963492670884,450.8600000000006,65730.31113569855,63807.56999999999,61884.82886430143,0
1784073600000,65043.99,65065.01,64765.12,64824.58,352.45343,64107.620921434565,63616.028726325036,83.16634776682741,550.361125774747,466.67959728080103,83.68152849394602,63.73407865437611,450.90000000000043,65817.20728136768,63911.5375,62005.86771863231,0
1784077200000,64824.57,64853.08,64644.48,64674.35,610.20031,64161.595119393176,63657.531521371115,78.96940520681567,525.8330179032273,478.5102814052863,47.32273649794098,64.41626886466081,450.8385714285718,65858.84850696973,64008.405000000006,62157.96149303028,0
1784080800000,64674.35,64755.99,64488.0,64490.87,350.99185,64192.954631831926,63690.2114617095,61.92500011231568,485.986859110395,480.00559694630806,5.9812621640869565,61.44200177309396,383.6449999999999,65843.29724039586,64101.746,62360.194759604135,1
1784084400000,64490.87,64840.0,64490.86,64792.01,379.79444,64250.00752403841,63733.41924752481,69.77549002501014,473.25261094951566,478.6549997469496,-5.402388797433957,58.03231497922911,374.0864285714285,65819.87809371024,64213.3005,62606.72290628976,0
1784088000000,64792.0,64885.99,64714.0,64746.01,289.24746,64297.24585508237,63773.12868879835,61.09124199576469,454.2129280776062,473.766585413081,-19.55365733547478,55.53125008388812,331.69285714285695,65772.31274100459,64314.9085,62857.50425899541,1
1784091600000,64746.01,64964.96,64602.5,64944.06,686.5094,64358.84720221739,63819.04756374744,55.725806913209944,449.918442316688,468.99695679380244,-19.078514477114425,50.83559741906334,302.45499999999964,65676.82223766012,64430.634,63184.445762339885,0
1784095200000,64944.06,65277.37,64814.0,64814.0,974.06143,64402.195087720494,63858.065306345576,52.254234740977694,431.0513843294466,461.4078423009313,-30.3564579714847,46.15383621425749,314.7771428571427,65522.0139138382,64531.333999999995,63540.65408616179,0
1784098800000,64814.01,64876.0,64485.0,64549.34,1209.74716,64416.208888889974,63885.17411786143,48.21493128636861,390.24475617043936,447.17522507483295,-56.93046890439359,43.02597209787964,307.1171428571423,65210.06015183547,64616.55149999999,64023.04284816451,1
1784102400000,64549.33,64797.02,64549.33,64768.01,958.47053,64449.713756614736,63919.795132847255,54.47869973086214,371.27027819775685,431.99423569941774,-60.72395750166089,40.05195625526373,312.54857142857094,65166.324217565685,64656.95199999999,64147.579782434295,0
1784106000000,64768.0,64917.94,64653.18,64671.83,542.47841,64470.86768455619,63949.28669626501,52.23988502624602,344.50075524824933,414.4955396091841,-69.99478436093477,37.32867650767644,315.9871428571423,65032.787210761846,64698.54299999999,64364.298789238135,0
1784109600000,64671.84,64855.56,64614.0,64663.0,316.30209,64489.16600031275,63977.275453274226,51.987625947060785,318.89716028498515,395.3758637443444,-76.47870345935922,34.493347199702136,320.45499999999913,64995.78771425015,64716.442,64437.09628574985,1
1784113200000,64663.0,64767.37,64616.11,64732.15,500.13863,64512.30733361629,64006.87837667523,51.22618101760817,300.7194473048221,376.44458045643995,-75.72513315161785,30.19819845509591,304.97928571428514,64995.000015512196,64715.85000000001,64436.69998448783,1
1784116800000,64732.15,65249.9,64606.0,65164.0,1837.40143,64574.37330184331,64052.255695236985,56.06028494995581,317.5002197869835,364.65570832254866,-47.155488535565155,26.812579537180262,309.25785714285666,65081.3255917401,64737.55,64393.77440825991,0
1784120400000,65164.0,65577.0,64888.0,65117.99,1942.12357,64626.14632071538,64094.04919738456,51.56554738102378,323.35899914152833,356.3963664863446,-33.03736734481629,24.271267320640714,339.4721428571424,65140.819407696654,64762.378000000004,64383.936592303355,1
1784124000000,65118.0,65517.05,65070.0,65399.81,1187.13269,64699.82857588534,64145.25550336947,61.85488823764585,346.7455755686897,354.46620830281364,-7.720632734123967,21.938018595845,349.9835714285712,65266.27709340733,64803.769499999995,64341.26190659266,1
1784127600000,65399.8,65600.0,65261.71,65427.61,1153.25811,64769.14109246769,64195.54391500205,66.34891695967357,363.3345391447365,356.2398744711983,7.094664673538205,20.744766565934576,359.2471428571428,65372.55122822395,64846.67049999999,64320.789771776035,0
1784131200000,65427.6,65470.0,64784.83,65120.79,1423.19665,64802.63146461363,64231.82807519804,62.97712439844411,347.71535631520237,354.5349708399991,-6.819614524796748,20.336057308534173,389.04571428571427,65396.90839676859,64874.10900000001,64351.309603231435,0
1784134800000,65120.8,65194.72,64972.95,65056.1,1119.69712,64826.77132512662,64264.15246440596,56.027828119365,326.3550808069849,348.8989928333963,-22.543912026411363,19.97597039812995,379.94785714285746,65413.25235763106,64893.068999999996,64372.88564236893,0
1784138400000,65056.1,65143.57,64847.42,64860.0,1076.85531,64829.93596082884,64287.51903442926,52.43496575796021,290.2573711546065,337.17066849763836,-46.91329734303184,18.876543610349398,388.8164285714291,65413.21960054707,64893.0245,64372.82939945293,1
1784142000000,64860.0,65000.0,64738.49,64977.34,377.96921,64843.9744407499,64314.570837000654,50.73628970167874,268.0283693340243,323.3422086649156,-55.313839330891255,19.248336240606147,381.605714285715,65406.660069702106,64889.692500000005,64372.7249302979,0
1784145600000,64977.34,65055.39,64899.0,64968.01,239.51973,64855.78735115467,64340.195902216314,53.599626037162594,246.8137568611055,308.03651830415356,-61.22276144304806,18.448133738807773,359.67857142857196,65414.00774637957,64896.864,64379.720253620435,0
1784149200000,64968.02,65018.74,64789.89,64834.31,289.23644,64853.74188913994,64359.57292565881,57.09484188040572,216.71440228134452,289.77209509959175,-73.05769281824723,18.12298500248954,348.096428571429,65412.37399542632,64904.862,64397.35000457368,1
1784152800000,64834.31,64982.47,64772.0,64866.93,275.16571,64854.99789969804,64379.469281515325,52.71424181227495,193.264772313938,270.47063054246104,-77.20585822852303,17.725814114175726,345.437857142858,65393.02703634355,64923.665,64454.30296365645,0
1784156400000,64866.93,64938.0,64691.89,64756.28,309.9463,64845.5961949649,64394.246172436295,52.29894757473952,163.863326928491,249.14916981966707,-85.28584289117606,16.537630407253616,344.105714285715,65393.616449795656,64921.878500000006,64450.140550204356,0
1784160000000,64756.28,64845.5,64500.0,64584.07,762.20624,64820.68893830158,64401.69024410546,48.026838792254345,125.2230682711961,224.36394950997288,-99.14088123877679,15.74939191616249,351.53000000000094,65403.44796398451,64913.781500000005,64424.1150360155,1
1784163600000,64584.07,64830.0,64392.01,64730.01,462.87658,64812.05284893953,64414.56552865035,49.9484804129271,105.1642551548357,200.52401063894547,-95.35975548410977,16.315956503219205,372.0107142857149,65399.272346185186,64903.079000000005,64406.885653814825,0
1784167200000,64730.0,64735.09,64574.02,64642.01,327.49099,64795.85829189767,64423.48491968367,34.93996064695948,81.23026476275845,176.66526146370808,-95.43499670094963,18.181715408782885,337.5228571428576,65402.9819765882,64894.479499999994,64385.97702341179,0
1784170800000,64642.0,64745.55,64555.0,64619.95,221.04888,64779.10512124075,64431.18943263726,35.42958784843313,59.79308978591871,153.29082712815023,-93.49773734223152,21.61859066114851,301.91928571428645,65397.32026839929,64898.01000000001,64398.699731600725,1
1784174400000,64619.96,64692.0,64544.04,64650.05,615.61718,64766.814157313056,64439.772199984815,24.27677444145624,44.71731919395825,131.57612554131182,-86.85880634735358,25.034733305452825,280.5557142857147,65400.59052889154,64892.112,64383.633471108464,1
1784178000000,64650.05,64997.52,64592.67,64917.99,618.6053,64781.211856616574,64458.5258392011,34.989101620029444,53.77034999292664,116.0149704316348,-62.244620438708154,25.9920446302149,285.3100000000003,65402.253250927424,64904.42,64406.58674907257,0
1784181600000,64917.99,64978.0,64630.01,64777.32,355.62558,64780.84120360547,64471.02757099714,38.78538544421589,49.02887440814811,102.61775122693746,-53.588876818789345,26.870093432117255,261.22571428571456,65398.839458183546,64910.136,64421.43254181645,0
1784185200000,64777.33,64777.33,64086.12,64238.0,1138.76345,64729.142041357336,64461.8892348796,29.608470672688725,1.73263143535587,82.44072726862115,-80.70809583326528,29.436951765458446,294.75714285714275,65455.25324828809,64885.428499999995,64315.6037517119,0
1784188800000,64238.0,64380.0,63888.0,64126.85,3967.6065,64671.7808945614,64448.75044135491,30.917788894499324,-44.209241337448475,57.11073354740722,-101.3199748848557,32.669792263849246,308.74642857142834,65480.24368411255,64833.570999999996,64186.89831588744,0
1784192400000,64126.86,64186.83,64019.02,64090.0,3387.73889,64616.37319031746,64434.6817965959,25.894574418377417,-82.63937822398293,29.160711193129195,-111.80008941711213,35.89931635906461,302.05357142857144,65493.81110486621,64782.1715,64070.53189513378,1
1784196000000,64090.0,64269.42,64077.75,64221.34,351.18175,64578.7509817158,64426.31545163136,30.97704517082363,-101.32943557696854,3.062681839109647,-104.39211741607818,39.5793913373658,304.57357142857137,65414.419695011944,64723.248,64032.076304988055,1
1784199600000,64221.34,64269.42,64101.0,64256.53,377.01841,64548.06326917144,64419.657198626206,34.50194201841171,-112.01071201504237,-19.951996931720757,-92.05871508332162,42.35821513730108,300.25714285714275,65300.84863662818,64664.693999999996,64028.53936337181,0
1784203200000,64256.52,64256.52,63838.28,63966.01,728.30687,64492.62962448844,64401.867112405576,28.771313043724206,-142.27814270566887,-44.41722608651038,-97.86091661915849,45.699224414135095,315.09857142857123,65277.50078811616,64606.954999999994,63936.40921188383,1
1784206800000,63966.01,64480.0,63961.14,64376.0,827.04997,64481.52204120383,64400.85271584066,42.14712879138309,-131.66478335837746,-61.866737540883804,-69.79804581749366,48.22668988379473,334.5807142857141,65216.007259758975,64572.95,63929.89274024102,1
1784210400000,64375.99,64863.07,64332.57,64543.51,993.97642,64487.42565632727,64406.44711914103,49.16079749066868,-108.48639887422905,-71.19066980755287,-37.29572906667619,48.088606507589574,347.7949999999998,65185.85743215122,64557.1255,63928.39356784878,1
1784214000000,64543.51,64896.0,64320.0,64704.73,620.57363,64508.12130810563,64418.14448701785,49.48023323711072,-76.22952899206575,-72.19844164445544,-4.03108734761031,47.19973490733279,357.6528571428571,65145.104123620506,64543.494999999995,63941.885876379485,0
1784217600000,64704.73,64712.0,64333.33,64484.0,523.57946,64505.824040667,64420.72705615441,46.919390623842375,-67.69643117564556,-71.29803955069346,3.6016083750479027,44.037454650211984,373.19571428571413,65086.985611248696,64519.294499999996,63951.6033887513,0
1784221200000,64484.01,64484.01,63984.09,64069.03,616.12218,64464.224608222525,64406.93501473659,40.68605240912936,-93.34250632031763,-75.7069329046183,-17.635573415699326,39.46733078128547,395.29357142857145,65062.32096463448,64481.03049999999,63899.74003536551,1
1784224800000,64069.04,64330.0,64052.14,64246.01,275.58322,64443.442264582285,64400.62422984496,43.49242038667944,-98.25379019355023,-80.21630436240468,-18.037485831145545,34.85723493144642,404.572142857143,65010.4462455946,64449.9845,63889.5227544054,1
1784228400000,64246.01,64301.99,64152.0,64271.84,368.59969,64427.09919176492,64395.573867890256,38.712630185132745,-98.9214480407536,-83.95733309807449,-14.964114942679117,33.1939215924731,386.36785714285725,64972.18472409644,64425.7625,63879.34027590355,0
1784232000000,64271.85,64276.0,64108.0,64114.27,169.71905,64397.30593540636,64384.54234365927,38.48539683311504,-110.8869184561845,-89.34325016969649,-21.543668286488014,32.99934851011163,373.51142857142884,64960.30902666447,64402.2725,63844.235973335526,1
1784235600000,64114.25,64253.25,64101.18,64161.99,188.0978,64374.89489393909,64375.81480077067,48.408214209426276,-115.19118253143824,-94.51283664204485,-20.6783458893934,29.679656341826927,335.00142857142885,64919.353249237014,64373.871499999994,63828.38975076297,0
1784239200000,64162.0,64240.12,63950.01,63968.0,351.60652,64336.14299927822,64359.82206348555,46.784946628292495,-132.72573492623633,-102.15541629888315,-30.570318627353174,26.034174401916186,320.58071428571463,64899.02001536728,64340.17100000001,63781.32198463274,0
1784242800000,63968.01,64010.58,63748.74,63830.2,515.53223,64287.95795172791,64339.05257079985,44.948198618629775,-155.94368070647033,-112.9130691804006,-43.030611526069734,23.353896610079897,327.2971428571431,64887.21513117744,64300.6835,63714.151868822555,1
1784246400000,63830.2,63912.0,63612.62,63886.0,435.36884,64249.67624203954,64321.28580331751,43.28196744957578,-167.90596095359797,-123.91164753504009,-43.99431341855788,21.682349395232766,334.9907142857145,64852.718912244374,64262.48100000001,63672.24308775564,0
1784250000000,63886.0,64067.69,63476.0,63546.24,735.77497,64182.68231422625,64290.89185024623,37.318016419141635,-202.46802142124216,-139.6229223122805,-62.84509910896165,19.89219846037252,365.22428571428617,64782.206518162944,64193.89349999999,63605.58048183704,0
1784253600000,63546.25,63657.99,63380.28,63482.0,818.39465,64115.95066525233,64259.170601216974,40.59849812168089,-232.36378934977984,-158.1710957197804,-74.19269362999944,17.14254738325474,355.1857142857147,64732.02334754439,64129.1275,63526.231652455615,1
1784257200000,63482.0,63720.0,63482.0,63570.0,676.04775,64063.95536379973,64232.14430313004,32.105749249596016,-246.11843613880774,-175.76056380358588,-70.35787233522186,16.56159992580779,335.1242857142861,64745.424644697705,64095.7275,63446.0303553023,0
1784260800000,63570.0,63576.0,63320.0,63486.01,490.83509,64008.91294819976,64202.88413437984,25.61791017246155,-260.79015728532977,-192.76648249993468,-68.02367478539509,20.931225877691258,315.51714285714326,64767.84731284889,64063.6855,63359.52368715111,0
1784264400000,63486.01,63486.01,62804.3,62839.76,1190.44758,63897.56504837121,64149.4282859728,14.860021932221187,-320.8658344538562,-218.38635289071902,-102.4794815631372,26.500084301906895,323.06785714285746,64892.58332393229,64001.1735,63109.763676067705,1
1784268000000,62839.77,62998.52,62710.0,62948.0,1200.24888,63807.13028185967,64102.31345122877,19.777344026696667,-355.64255207074166,-245.83759272672356,-109.8049593440181,32.13785327809245,316.62857142857166,64937.93124117263,63937.5065,62937.08175882738,0
1784271600000,62948.0,62983.99,62800.0,62828.11,1288.47496,63713.89025501589,64052.34468843549,22.37562665289441,-388.4002362199244,-274.35012142536374,-114.05011479456067,36.47589465101896,294.06214285714253,64969.28670929514,63866.0855,62762.88429070486,1
1784275200000,62828.11,62939.04,62666.0,62888.0,838.1557,63635.23404025247,64006.684112418414,18.106408263150584,-404.86132509783056,-300.4523621598571,-104.40896293797346,40.966701385075304,293.7178571428568,64997.14001806773,63812.185,62627.229981932265,1
1784278800000,62888.01,63069.06,62852.89,62989.46,603.45822,63573.73175070462,63966.79297075495,20.91581239227075,-405.0507101150142,-321.37203175088854,-83.67867836412569,43.4530112106443,298.4449999999997,64950.93840760001,63742.85800000001,62534.7775924,1
1784282400000,62989.47,63201.91,62989.47,63179.92,534.56662,63536.22586968513,63935.93520719593,29.12057707520482,-385.3897358679096,-334.1755725742928,-51.21416329361682,45.04285339820224,301.62,64845.85096432462,63674.6785,62503.50603567538,1
1784286000000,63179.91,63361.7,63063.67,63298.01,617.19974,63513.53864400083,63910.918532403935,31.281793523004083,-356.1736479436295,-338.5751876481601,-17.59846029546935,47.473102188250365,312.04571428571427,64680.1279882029,63604.342500000006,62528.557011797115,0
1784289600000,63298.0,63348.0,63069.09,63099.75,618.64826,63474.13020171504,63879.10800172143,31.224022870686383,-345.04020415173727,-339.86819094887557,-5.172013202861706,49.811117121657404,311.2457142857144,64548.95572462794,63535.130000000005,62521.30427537207,1
1784293200000,63099.75,63180.0,62537.56,63153.99,1381.50027,63443.64065869456,63850.672001653926,34.828612069623134,-328.05850084867416,-337.5062529288353,9.447752080161138,51.96658912866375,338.4314285714286,64484.16503662508,63489.378000000004,62494.590963374925,1
1784296800000,63154.0,63518.0,63051.77,63174.0,1199.38162,63417.96059596174,63824.13584472632,33.76490117567653,-309.41894981807854,-331.88879230668397,22.469842488605423,51.754583821706625,350.34928571428617,64372.751010447566,63435.777500000004,62498.80398955244,1
1784300400000,63174.01,63452.0,62856.16,63452.0,702.84059,63421.20244396538,63809.542282188035,47.78885228669843,-269.11253291583853,-319.3335404285149,50.22100751267635,52.56897060306604,350.64571428571435,64245.51555687089,63394.7855,62544.05544312911,1
1784304000000,63452.0,63706.75,63312.01,63594.0,881.75053,63437.659354063915,63801.08964367086,52.535336248970026,-223.13898653470096,-300.0946296497521,76.95564311505115,52.78030013510101,359.005,64156.34216977627,63368.772,62581.20183022373,1
1784307600000,63594.0,64228.27,63594.0,64049.86,1210.18889,63495.9641774864,63810.84534391906,59.31173931942376,-148.212031546238,-269.7181100290493,121.50607848281129,50.976850365381935,387.3099999999998,64128.23509847169,63363.1655,62598.095901528315,1
1784311200000,64049.85,64387.99,63894.0,64259.73,761.86335,63568.70377963055,63828.448663765375,64.31478767964714,-71.07778440090624,-229.99004490342068,158.91226050251444,46.65817287014159,404.3092857142853,64200.337447876555,63377.752,62555.166552123446,0
1784314800000,64259.73,64259.73,63981.2,64160.8,578.45246,63625.09389585621,63841.482049500075,80.64773570898288,-17.726818296709098,-187.5373995820784,169.8105812853693,43.05399521443256,375.5107142857144,64266.914140514134,63394.28199999999,62521.64985948585,0
1784318400000,64160.8,64192.57,63958.19,64120.0,456.18305,63672.22781053657,63852.4043220687,78.06836034793258,21.0196858395866,-145.8259824977454,166.845668337332,39.6333598278054,371.6435714285716,64312.00916052316,63405.981999999996,62499.954839476835,0
1784322000000,64120.01,64216.61,64064.0,64110.0,284.21145,63713.92040000927,63862.50611336013,82.40582040275632,50.339372147631366,-106.59291156867006,156.9322837163014,36.55004020364356,369.4021428571432,64392.159401656245,63434.17,62476.18059834375,0
1784325600000,64110.01,64147.0,63903.63,63986.0,255.88006,63739.83274286553,63867.34901087542,76.88566979108498,62.845230398692365,-72.70528317519758,135.55051357388993,33.24732155587657,367.2828571428576,64448.66112154077,63459.369999999995,62470.07887845922,0
1784329200000,63986.01,64011.08,63884.35,63931.67,430.02036,63758.10295783072,63869.8714026058,73.61606135799667,67.59306543415005,-44.64561345332806,112.2386788874781,30.429847648080084,360.8942857142865,64488.247707662806,63477.4535,62466.6592923372,0
1784332800000,63931.67,64012.39,63895.33,63910.04,217.92923,63772.573152323035,63871.4466417193,69.99211399656078,68.81711777892633,-21.953067206877186,90.77018498580352,28.116765566656806,354.08071428571463,64527.82597069819,63498.655000000006,62469.48402930182,1
1784336400000,63910.05,64000.0,63886.65,63952.98,200.93158,63789.7547568637,63874.644028318544,68.70412994682636,72.41730559572898,-3.078992646355955,75.49629824208493,26.160557102377698,340.889285714286,64553.41789766268,63554.316000000006,62555.21410233733,1
1784340000000,63952.97,64032.6,63930.54,63967.61,372.4998,63806.69335144811,63878.28975269821,77.68752711773556,75.5797626533822,12.652758413591677,62.92700423979053,24.57861273581469,328.25714285714275,64577.83354787369,63605.2965,62632.7594521263,1
1784343600000,63967.61,64017.85,63928.15,64017.84,578.99589,63826.8025560721,63883.76231141593,77.6302911279849,81.20311490478343,26.36282971183003,54.8402851929534,24.959776427864856,288.77571428571383,64581.07815814939,63664.78300000001,62748.487841850634,0
1784347200000,64017.84,64017.85,63947.09,63967.99,311.74394,63840.24897930333,63887.065358027074,74.92012278179861,80.70684541622177,37.23163285270838,43.47521256351339,26.070303754522108,260.5278571428566,64567.10078879982,63718.78250000001,62870.4642112002,0
1784350800000,63968.0,63998.0,63926.39,63967.95,153.28461,63852.41098127444,63890.237304771115,69.61622982107949,79.39510327656899,45.6643269374805,33.730776339088486,27.949958421974124,223.08285714285688,64549.15095574081,63767.706999999995,62986.263044259176,1
1784354400000,63967.95,64005.99,63950.0,63979.67,193.68533,63864.53088781973,63893.7444692899,66.27533063815052,78.39752634918841,52.21096681982209,26.18655952936632,30.216642453551483,198.8864285714283,64542.980247348176,63807.6945,63072.40875265182,1
1784358000000,63979.67,64026.03,63974.94,64002.75,290.3862,63877.69461278928,63898.019195984416,46.86789442191341,78.56366948186769,57.48150735223122,21.082162129636473,30.167523324242214,157.230714285714,64542.028632602756,63842.93149999999,63143.83436739723,1
1784361600000,64002.75,64019.64,63960.0,64006.01,293.43528,63889.91512585697,63902.25412947522,26.741713112349657,78.05858311024349,61.596922503833675,16.461660606409815,33.139193852836,126.2057142857141,64496.03779930042,63888.24449999999,63280.451200699565,0
1784365200000,64006.01,64006.01,63887.73,63987.76,286.53507,63899.23368529916,63905.60730086835,31.383940098115147,75.31746321098763,64.34103064526447,10.976432565723158,35.27244409654999,114.75928571428501,64430.61155914255,63929.933,63429.25444085745,1
1784368800000,63987.77,64026.39,63982.34,64016.43,264.0947,63910.39523908019,63909.9532890696,38.55908799681856,74.59860900830972,66.39254631787352,8.206062690436198,36.41478411451731,101.1642857142854,64324.87410749436,63972.054500000006,63619.23489250565,1
1784372400000,64016.43,64097.22,64010.99,64069.89,259.43503,63925.58521631065,63916.225316949225,45.957386764498295,77.44989293489198,68.60401564127721,8.845877293614762,36.420975658967855,96.42285714285701,64258.956260501225,64002.949,63746.941739498776,1
1784376000000,64069.89,64274.47,64057.27,64218.0,554.94465,63953.43424332868,63928.05961824533,72.29911572472139,90.61622771572729,73.00645805616723,17.609769659560058,37.1500443279315,94.55357142857143,64223.80381430025,64034.149,63844.49418569975,0
1784379600000,64218.01,64218.01,63963.0,64106.0,300.90627,63967.964315392615,63935.03767243179,65.08384238669623,90.96459567546117,76.59808558002602,14.366510095435146,36.81637867369858,103.7164285714285,64229.23356882039,64036.956000000006,63844.67843117962,1
1784383200000,64105.99,64195.01,64101.42,64126.0,182.82691,63983.01533297427,63942.52639115996,68.73871997778703,91.7963415621416,79.63773677644915,12.15860478569246,36.759355546870964,102.04000000000035,64197.61222723616,64030.269499999995,63862.92677276383,0
1784386800000,64126.0,64163.99,64037.45,64123.12,202.91031,63996.35863459577,63949.608493467415,65.86594054235533,91.17213857806928,81.94461713677318,9.227521441296105,36.33122496254955,102.98214285714337,64190.30104621533,64028.38550000001,63866.46995378469,1
1784390400000,64123.13,64314.0,64091.48,64303.47,325.76583,64025.607336062836,63963.48541529222,73.92506054993612,104.03098651273467,86.36189101196548,17.66909550076919,36.8711024554442,111.58642857142902,64237.62439088352,64037.55900000001,63837.4936091165,1
1784394000000,64303.48,64492.0,64280.22,64480.29,572.40254,64068.910446914,63983.75226175135,77.9092083187489,127.02534331040079,94.49458147165254,32.53076183874825,35.96043447817665,120.30642857142915,64336.68620131611,64056.07350000001,63775.46079868392,1
1784397600000,64480.28,64669.5,64462.0,64512.41,531.00754,64111.14849958886,64004.483937761106,83.57467067936284,146.1555619603023,104.8267775693825,41.32878439091979,36.568051239431085,130.07357142857185,64426.82607262169,64082.39400000001,63737.961927378325,1
1784401200000,64512.41,64597.9,64482.0,64552.79,294.01495,64153.20959486611,64025.986136280284,84.35788978968422,162.6992311366048,116.40126828282698,46.29796285377782,35.94684283791069,133.23714285714337,64508.89087854334,64113.45,63718.00912145666,1
1784404800000,64552.8,64739.64,64528.69,64693.01,554.55726,64204.61915725981,64052.14393485753,86.40975908534121,184.9923140395622,130.11947743417403,54.87283660538816,36.39005398014931,144.3057142857147,64612.94988397694,64152.5985,63692.24711602306,1
1784408400000,64693.02,64846.83,64614.36,64731.72,365.29033,64254.81923752079,64078.79397662783,86.62319262883977,203.43820732205495,144.7832234117502,58.654983910304736,40.600689069254564,157.26142857142935,64708.988472957106,64191.5355,63674.08252704289,1
1784412000000,64731.73,64865.0,64712.29,64805.05,503.12891,64307.22216728071,64107.274604995364,87.50305078381696,221.42142049411632,160.11086282822345,61.31055766589287,41.67369532546953,163.90928571428645,64807.04604854419,64233.40750000001,63659.76895145583,1
1784415600000,64805.04,64843.3,64709.28,64834.22,220.46796,64357.4124370635,64135.782267544564,89.32560257196502,235.31446305919235,175.15158287441722,60.16288018477513,42.77106733306103,165.03357142857254,64897.32962125608,64274.226500000004,63651.12337874393,0
1784419200000,64834.21,64906.4,64769.47,64792.08,443.04046,64398.80934781936,64161.51943352321,85.59039726894828,240.15608372347197,188.15248304422818,52.00360067924379,44.672636722896186,171.66785714285808,64961.82315094094,64315.431,63669.038849059056,0
1784422800000,64792.08,64792.09,64765.99,64765.99,211.03912,64433.77893374133,64185.22416162034,82.76319752993442,239.13130123851442,198.34824668308545,40.783054555428976,47.51716402174244,167.37285714285775,65009.88392453263,64355.333000000006,63700.78207546738,1
1784426400000,64766.0,64967.25,64700.84,64826.01,574.09127,64471.13427338501,64210.35301802739,81.20464366730648,240.3911861720917,206.7568345808867,33.63435159120499,49.08482507284281,170.88785714285768,65059.33443978605,64397.65,63735.965560213954,0
1784430000000,64826.01,64842.92,64620.44,64706.18,416.11384,64493.51958068168,64229.797213398866,80.55719609799795,229.07968649129907,211.2214049629692,17.858281528329883,52.17327590576503,168.56428571428583,65080.762201878504,64432.821500000005,63784.88079812151,1
1784433600000,64706.18,64795.43,64610.89,64720.17,249.31584,64515.105334902466,64249.02751875578,80.43747758823812,218.7228170947783,212.72168738933104,6.001129705447255,55.184348509830315,175.06071428571417,65095.81754029417,64468.529500000004,63841.24145970584,1
1784437200000,64720.17,64815.65,64676.0,64724.01,206.27533,64535.00101729271,64267.654282726144,80.75147644343423,208.42221780012187,211.8617934714892,-3.4395756713673222,59.66801672834536,175.9971428571428,65099.36603402231,64505.342000000004,63911.3179659777,0
1784440800000,64724.0,64759.33,64694.66,64711.69,244.79532,64551.82853945531,64285.06744810943,75.23053721970851,196.99397370544466,208.8882295182803,-11.894255812835638,62.81919220308254,164.7221428571429,65093.65466623777,64540.104999999996,63986.55533376222,0
1784444400000,64711.69,64784.0,64675.0,64711.05,401.27453,64566.99248807861,64301.77264622279,68.23324905183298,185.74422150926694,204.25942791647765,-18.515206407210712,64.23964591890332,157.38071428571442,65083.72358369041,64572.163,64060.60241630959,0
1784448000000,64711.04,64743.0,64631.54,64707.49,602.66232,64580.3732034997,64317.68313068464,66.14259234741084,174.52958122440032,198.3134585780622,-23.783877353661893,63.65687122232358,150.52071428571435,65083.07450075398,64596.6375,64110.20049924601,0
1784451600000,64707.48,64725.74,64500.0,64509.99,392.93472,64573.670041261634,64325.22457654015,47.189240306819244,147.99925528926542,188.2506179203029,-40.251362631037466,61.39024205757147,158.36642857142837,65047.88755911346,64616.837,64185.78644088654,1
1784455200000,64510.0,64700.0,64482.0,64595.0,334.64364,64575.70146590338,64335.80400491113,43.060256319478874,132.3082106928996,177.06213647482224,-44.753925781922646,57.5285457410288,158.87000000000003,65004.79954268571,64640.287,64275.774457314285,0
1784458800000,64595.0,64636.28,64445.0,64467.64,208.69371,64565.40989772211,64340.97404393423,33.387015601409416,108.34709927759832,163.31912903537747,-54.972029757779154,54.252194603696076,155.927857142857,64943.14810016961,64657.513,64371.87789983039,0
1784462400000,64467.65,64467.65,64285.24,64441.15,549.2859,64553.575621748576,64344.90251279955,25.67383282528513,86.22626156728802,147.9005555417596,-61.67429397447157,52.106239451278256,158.04928571428587,64919.06248231059,64664.397,64409.731517689404,1
1784466000000,64441.16,64516.33,64307.72,64483.31,325.94592,64546.88365777252,64350.330257395646,26.942637492608043,71.27567633480794,132.57557970036925,-61.299903365561306,48.754040210383735,163.3771428571428,64918.75701906742,64664.547999999995,64410.33898093257,1
1784469600000,64483.32,64663.04,64425.24,64593.07,328.9706,64551.28235703228,64359.84946298798,37.9907551564745,67.50577991238242,119.5616197427719,-52.05583983038947,44.569445621566864,170.58214285714297,64915.069348050565,64668.58099999999,64422.09265194942,0
1784473200000,64593.07,64620.0,64500.0,64585.32,260.30458,64554.52403731492,64368.69144483159,38.85069671574763,63.16462710378255,108.28222121497403,-45.11759411119148,40.51144345272153,177.2892857142859,64913.892080678575,64670.2075,64426.52291932142,0
1784476800000,64585.33,64644.0,64505.21,64538.72,321.63819,64553.01889090398,64375.35923130878,31.97249030509161,55.32623527819669,97.69102402761857,-42.364788749421876,38.214304349673455,168.17357142857145,64912.816609094225,64662.492999999995,64412.169390905765,1
1784480400000,64538.72,64752.0,64406.3,64547.86,402.19584,64552.527567960744,64382.12396733589,38.462659593074164,49.28366350284341,88.00955192266355,-38.72588841982014,34.75498347856949,176.9750000000001,64906.40792007083,64653.3,64400.19207992918,0
1784484000000,64547.86,64554.0,64280.0,64419.99,321.71164,64539.90494244067,64383.60890979331,31.238750000000152,33.787361815571785,77.1651139012452,-43.37775208567342,32.07931554004649,183.36500000000004,64896.94346736718,64634.047,64371.15053263282,1
1784487600000,64420.0,64467.82,64352.0,64462.58,115.02705,64532.54066220823,64386.705815291614,34.41549925484364,24.65883642735571,66.66385840646731,-42.0050219791116,28.917539269216483,181.66285714285706,64871.22805330154,64615.465000000004,64359.70194669847,1
1784491200000,64462.58,64560.0,64462.57,64535.99,100.52602,64532.86917056935,64392.56009704489,40.23715327169254,23.08191384197562,57.94746949356898,-34.86555565159336,25.2491530603971,184.0028571428572,64846.56053358022,64602.66050000001,64358.76046641981,0
1784494800000,64536.0,64562.55,64350.0,64415.75,221.49991,64521.71496384846,64393.46950500391,35.51655811033497,11.991596558938909,48.75629490664297,-36.76469834770406,22.85237471025904,191.39928571428598,64829.9641908744,64585.14850000001,64340.33280912562,1
1784498400000,64415.75,64900.0,64347.89,64674.67,828.28879,64536.28211014861,64404.496975395916,48.7127392532162,23.820532060162805,43.76914233734694,-19.948610277184137,20.214389124398334,222.8742857142861,64799.31846074732,64577.58150000001,64355.84453925269,1
1784502000000,64674.66,64772.0,64572.0,64722.54,319.6402,64554.02095680113,64416.96925087059,59.44523938604848,36.635446973545186,42.34240326458659,-5.706956291041408,19.799498119170416,221.03571428571482,64802.244648029155,64578.3995,64354.554351970844,0
1784505600000,64722.55,65107.99,64416.0,64553.84,736.05935,64554.00372282007,64422.336731228614,48.297569611038355,32.80057464672427,40.434037541014135,-7.633462894289863,21.096258800322595,254.89214285714323,64783.88448186768,64570.083,64356.28151813232,1
1784509200000,64553.85,65029.4,64506.0,64628.01,401.29098,64561.05193969434,64430.40234961181,56.93839937006246,35.33894448015053,39.41501892884142,-4.076074448690889,21.788622306868795,278.6150000000006,64768.58667011048,64565.282999999996,64361.97932988951,1
1784512800000,64628.01,64964.0,64585.0,64827.2,378.92701,64586.39937400917,64445.9630417839,64.53096652288124,52.814773329933814,42.094969809059904,10.71980352087391,22.07289269614457,292.6571428571432,64797.159172997395,64571.05850000001,64344.95782700262,1
1784516400000,64827.19,64914.93,64644.01,64869.8,340.53514,64613.389909817815,64462.584098968844,64.54271114756818,69.30307486945094,47.53659082113811,21.766484048312826,22.749197218382474,297.1078571428573,64834.96309438681,64578.996,64323.02890561319,0
1784520000000,64869.79,64869.99,64540.0,64540.01,333.38076,64606.401346978026,64465.62040881321,48.28710518839915,55.1234470172858,49.05396206036765,6.069484956918146,23.070923815069857,303.69285714285695,64819.756375633915,64570.621999999996,64321.48762436608,0
1784523600000,64540.0,64562.0,64082.7,64128.0,978.47191,64560.8393139325,64452.38039278131,38.29245814346432,10.518969959128299,41.34696364011979,-30.82799368099149,22.557326225588277,329.35714285714283,64869.33239974538,64551.5225,64233.71260025462,0
1784527200000,64128.01,64220.0,63765.83,63917.98,852.13818,64499.6146173675,64431.423514633025,35.33583429402995,-41.3011641457997,24.81733808293589,-66.1185022287356,21.93886074135147,351.8842857142855,64942.26613790814,64517.6715,64093.07686209185,1
1784530800000,63917.99,64315.96,63896.0,64280.01,998.28115,64478.699891903925,64425.48572974546,44.576639764154244,-52.55042973631498,9.343784519085716,-61.8942142554007,22.142916015070483,357.1885714285714,64945.639063963565,64508.28999999999,64070.94093603642,0
1784534400000,64280.01,64356.0,63100.0,64049.99,3901.45477,64437.87037838927,64410.76040701035,42.80592325281155,-79.11426540141838,-8.347825465015104,-70.76643993640327,22.89098106253789,427.33142857142855,64971.36366099636,64488.731999999996,64006.100339003635,1
1784538000000,64050.0,64276.0,64012.8,64199.5,508.64903,64415.16843759029,64402.475685166806,45.089005704728045,-87.09807664442633,-24.09787570089735,-63.00020094352898,23.454530833406153,437.8585714285712,64974.2322710862,64474.54149999999,63974.850728913785,1
1784541600000,64199.51,64415.42,64162.0,64301.18,339.54836,64404.312395915025,64398.503305356346,45.66251039069,-84.24940366793453,-36.12818129430479,-48.12122237362974,24.644091325075586,449.0007142857139,64962.10588293635,64459.94700000001,63957.78811706367,1
1784545200000,64301.18,65068.0,64273.33,65002.01,1040.02207,64461.23597725645,64422.17023455806,58.91693588129002,-25.150763544828806,-33.932697744409595,8.781934199580789,23.22672664453432,490.58071428571355,65036.556769173185,64480.781500000005,63925.006230826824,0
1784548800000,65002.0,65002.83,64599.89,64640.0,1301.45682,64478.26112227965,64430.71257830089,49.488707922004025,-7.440082382345281,-28.634174671996732,21.19409228965145,24.171232039255877,479.9257142857137,65045.67441948891,64485.84550000001,63926.01658051111,0
1784552400000,64640.0,64763.67,64208.0,64344.01,1171.73283,64465.47530111016,64427.31247719105,44.798339998076194,-17.091143210796872,-26.32556837975676,9.234425168959888,25.020564688725898,505.33071428571355,65038.1444053952,64475.653000000006,63913.16159460481,1
1784556000000,64344.01,64575.37,64077.76,64416.01,811.23879,64460.76432005205,64426.86924279141,48.05426542626038,-18.71415504835022,-24.803285713475454,6.089130665125232,26.310808498207354,491.44642857142804,65038.031131327734,64475.454000000005,63912.876868672276,1
1784559600000,64416.01,65666.8,64398.15,65598.75,2563.16846,64569.14390861852,64472.825350917235,60.437121808352764,74.57715083446237,-4.927198403887887,79.50434923835026,24.816191305884978,544.6785714285709,65286.259000981234,64532.2625,63778.26599901876,0
1784563200000,65598.75,65637.7,65336.0,65508.5,1056.62117,64658.606393512,64513.44004303813,57.500858750891794,139.61931754225225,23.98210478534014,115.6372127569121,22.42440368161569,539.1571428571422,65452.20435607547,64580.888,63709.57164392453,1
1784566800000,65508.5,65646.55,65342.52,65587.98,673.41436,64747.11816555847,64555.578864879775,57.84320149573202,195.3274616290655,58.251176154085215,137.0762854749803,20.157481923195977,541.5221428571427,65615.46547142009,64639.4995,63663.533528579916,0
1784570400000,65587.99,65799.0,65204.0,65240.01,708.20295,64794.0602450291,64582.41930155116,57.614423022534346,208.98919888650562,88.3987807005693,120.59041818593631,18.808793546095878,560.4514285714286,65680.09221451427,64667.766500000005,63655.440785485735,0
1784574000000,65240.01,65274.58,65041.05,65142.0,856.15121,64827.197364550135,64604.36364266681,61.83876858126254,209.49273435729992,112.61757143191544,96.87516292538449,18.659520196928867,542.8964285714283,65722.98632637912,64688.7395,63654.49267362089,1
1784577600000,65142.0,65438.0,65061.92,65367.58,339.09983,64878.66237745012,64634.29369589556,66.86326516367697,225.49484637165733,135.19302641986383,90.3018199517935,18.3847257970192,537.3185714285713,65804.54546770031,64729.4265,63654.30753229968,0
1784581200000,65367.57,65445.27,65272.32,65286.02,264.99229,64917.45834150249,64659.85159017417,62.51994334968618,228.95616095417063,153.9456533267252,75.01050762744543,18.18441525183936,519.6749999999998,65864.31524472027,64762.327000000005,63660.338755279736,0
1784584800000,65286.02,65286.02,65092.66,65141.99,333.37114,64938.84230897845,64678.758978794795,63.887334547415335,217.56925743957254,166.67037414929467,50.898883290277865,18.265292961373753,443.77214285714217,65892.87370871537,64778.06649999999,63663.25929128461,1
1784588400000,65142.0,65272.21,65128.17,65255.51,435.27846,64969.00113669479,64701.37666590088,63.55370734023849,215.22419904562412,176.38113912856056,38.843059917063556,18.346170670908144,435.26071428571385,65932.00941969553,64797.352,63662.694580304465,1
1784592000000,65255.51,65585.0,65148.75,65568.01,685.78688,65026.04959986671,64735.36228684595,65.4248052463551,235.86298008688755,188.27750732022596,47.58547276666158,18.813697533204465,448.3199999999997,66026.63816046609,64848.752,63670.865839533915,0
1784595600000,65568.0,65658.78,65232.65,65235.55,421.8846,65046.00201892702,64754.97749128337,53.12377946015358,222.8240423831885,195.18681433281847,27.637228050370027,20.381774440723632,421.9957142857139,66042.82875612365,64904.1295,63765.43024387636,1
1784599200000,65235.56,65500.0,65176.2,65414.01,382.21075,65081.050398076826,64780.8219033899,60.8875947728968,224.30517047989997,201.01048556223478,23.294684917665194,20.9422234735672,416.3428571428568,66038.68300479258,64978.931000000004,63919.17899520743,1
1784602800000,65414.01,65593.11,65411.74,65566.78,795.51369,65127.310360164745,64811.643789531474,67.92218870645766,235.09619482371636,207.8276274145311,27.268567409185266,22.411151593417884,389.60714285714283,66080.35955966434,65043.26950000001,64006.179440335676,0
1784606400000,65566.77,65742.58,65471.69,65522.01,600.76388,65164.90080205382,64839.50128798123,66.34112467125686,237.30014614922402,213.7221311614697,23.57801498775433,23.68940527675027,373.41285714285704,66062.01166667796,65116.870500000005,64171.729333322044,1
1784610000000,65522.0,65933.24,65485.55,65751.56,864.8195,65220.773106620116,64875.2682962957,53.14306165180939,254.63429438260937,221.90456380569765,32.72973057691172,25.986691874149606,314.7728571428571,66075.13757759861,65194.47350000001,64313.8094224014,1
1784613600000,65751.56,65991.05,65634.0,65913.0,733.43884,65286.6994774182,64915.96365722528,58.083210103513125,278.19176898845035,233.16200484224822,45.029764146202126,28.434389800530393,318.726428571429,66105.07561621095,65275.0645,64445.053383789054,1
1784617200000,65913.0,66245.64,65866.0,66186.86,1338.71722,65372.429050997416,64965.802729490955,61.10484780157852,315.3245850586827,249.59452088553513,65.73006417314758,31.43966579477875,324.12714285714276,66247.25266041502,65334.30699999999,64421.36133958496,1
1784620800000,66186.86,66354.0,66129.19,66226.44,1032.71252,65453.7634270929,65015.2394851972,70.65311608858973,343.9811835745786,268.4718534233439,75.50933015123474,35.35233280997884,297.6849999999998,66347.99970693492,65413.62899999999,64479.25829306506,1
1784624400000,66226.43,66350.0,66144.0,66291.99,472.96398,65533.59452927453,65065.30813283652,74.40939366538909,367.74198088959383,288.32587891659387,79.41610197299997,40.02392159306863,295.71857142857124,66379.74549057372,65511.028000000006,64642.31050942628,0
1784628000000,66292.0,66420.65,66176.55,66180.0,1179.04438,65595.1569550579,65109.02153939195,68.11787479259961,373.2335231633115,305.3074077659374,67.92611539737408,43.69141684587718,286.2914285714277,66350.02482397131,65599.2275,64848.43017602868,1
1784631600000,66180.0,66350.0,66147.82,66345.59,752.24871,65666.62676886191,65157.51442020011,72.77596976875172,386.49209875481756,321.54434596371345,64.94775279110411,47.26163871615896,288.3792857142845,66458.21447482498,65636.5695,64814.92452517501,1
1784635200000,66345.59,66640.0,66255.73,66558.82,1002.49408,65751.59755277983,65212.467580192264,79.57558020598952,409.4852038620593,339.1325175433826,70.35268631867666,50.992913628106166,302.01571428571384,66605.1081140523,65689.0855,64773.0628859477,1
1784638800000,66558.81,66810.97,66315.62,66786.0,1358.43796,65850.1120715627,65274.174733910215,80.50085096036969,440.955867933415,359.4971876213891,81.45868031202588,54.79060878720448,327.10928571428565,66785.87956072694,65748.9865,64712.09343927305,1
1784642400000,66786.0,66956.15,66648.27,66842.3,1722.33044,65944.6061599853,65335.669842384326,78.28323855943701,465.0784011182841,380.61343032076815,84.46497079751595,58.29573050518815,317.9399999999992,66945.00138808394,65829.101,64713.20061191605,0
1784646000000,66842.29,66842.3,66517.52,66676.54,948.73464,66014.3141447486,65388.25298582024,84.53905265024908,465.45476300251903,397.58169685711835,67.87306614540068,61.62430200093657,310.7007142857136,67033.76644415269,65905.82800000001,64777.88955584733,0
1784649600000,66676.53,66764.0,66462.32,66542.01,672.73654,66064.57089286778,65433.498358925324,77.61862788306121,449.7135677493934,408.0080710355734,41.705496713820025,65.14263882466007,309.1207142857129,67096.77755234111,65964.5495,64832.32144765888,0
1784653200000,66542.01,66567.59,66052.63,66207.95,1024.8098,66078.226045928,65463.869011516486,64.41874794795322,405.6071205539338,407.5278809392455,-1.9207603853117234,64.52792037893929,332.94857142856927,67100.84738136797,66010.64600000001,64920.44461863204,1
1784656800000,66207.96,66358.0,66098.71,66319.95,619.31647,66101.24737488723,65497.44081498643,67.41755507242557,375.36295684747165,401.0948961208907,-25.731939273419073,62.82928057944121,332.11999999999745,67087.00075989327,66069.54400000001,65052.08724010675,1
1784660400000,66319.96,66502.8,66264.12,66444.76,623.55174,66133.96286299321,65534.59058694775,65.85631416180189,357.3460997344664,392.3451368436059,-34.99903710913952,62.59697821435525,317.1907142857121,67083.18916397281,66129.0065,65174.8238360272,0
1784664000000,66444.76,66496.0,66359.3,66406.57,288.41886,66159.92544747004,65568.78585804784,61.964579202280724,336.1115125406941,381.09841198302354,-44.986899442329445,62.061562040571346,301.45142857142594,67094.52838682015,66170.9345,65247.340613179855,0
1784667600000,66406.58,66408.26,66290.0,66385.0,330.71956,66181.36111913956,65600.79425577146,55.47245268844521,313.92371331434697,367.66347224928825,-53.73975893494128,59.81169784220781,282.78142857142564,67043.6163734599,66228.407,65413.19762654012,0
1784671200000,66385.0,66388.35,66204.0,66304.02,432.0724,66193.04291731675,65628.37173593728,52.09478652510616,286.5026886975247,351.43131553893556,-64.92862684141085,56.00496782256734,279.8914285714262,66992.49202843076,66272.9075,65553.32297156924,1
1784674800000,66304.02,66576.0,66228.55,66556.16,334.55343,66227.62549661992,65664.75558942994,56.480059656679686,281.8677242404956,337.5185972792476,-55.650873038752025,51.826291090606766,289.99499999999745,66970.0007067703,66322.3765,65674.7522932297,1
1784678400000,66556.15,66739.89,66525.54,66620.97,961.25987,66265.08687789421,65702.25419376603,61.073249127388756,280.1942025235476,326.0537183281076,-45.85951580456003,48.07823608129037,287.86999999999847,66916.41089626215,66377.3245,65838.23810373785,0
1784682000000,66620.97,66661.79,66282.65,66433.3,801.8459,66281.10717523762,65730.9226567556,52.178340279054225,260.71911624934,312.98679791235406,-52.26768166301406,43.706180832731704,300.5099999999989,66863.01233755365,66411.4115,65959.81066244635,0
1784685600000,66433.29,66532.26,66298.0,66314.12,584.2039,66284.25125378641,65753.79314080441,43.62488145978979,232.98246328521054,296.9859309869254,-64.00346770171484,38.001979984353014,289.79499999999825,66821.26839470776,66431.4675,66041.66660529224,0
1784689200000,66314.12,66371.27,66176.0,66210.0,535.35393,66277.17970580675,65771.6836058709,33.96543660779899,200.29052762061474,277.64685031366326,-77.35632269304853,33.4421356433545,268.3607142857124,66819.49473656548,66432.6245,66045.75426343453,1
1784692800000,66209.99,66424.0,66198.0,66381.05,1016.50384,66287.07211477753,65795.5803272093,37.93089011811371,186.0396888221876,259.32541801536814,-73.28572919318054,29.450963451058644,262.51214285714167,66815.89066601131,66440.35500000001,66064.81933398871,0
1784696400000,66381.05,66381.05,65944.51,65974.9,732.84767,66257.34143717967,65802.61247124031,33.69234774039397,140.35496111605607,235.53132663550574,-95.17636551944966,26.82912904799272,270.4949999999995,66849.87644604898,66424.5005,65999.12455395101,0
1784700000000,65974.9,66026.93,65830.94,65934.33,677.13061,66226.57844316257,65807.77786452501,35.231128177708726,99.72624327088124,208.37030996258085,-108.6440666916996,24.33706996901858,262.9457142857136,66879.4498937233,66412.21699999999,65944.98410627668,0
1784703600000,65934.34,65968.9,65701.0,65843.48,1698.20928,66190.09287714708,65809.17794826912,39.95446752917435,59.5108518734196,178.5984183447486,-119.08756647132901,23.654616169885724,245.29857142857094,66918.91540847436,66387.1115,65855.30759152563,1
1784707200000,65843.48,66164.57,65843.47,65987.96,1762.03259,66170.84212694259,65816.18900912131,41.01063052037049,38.850350329856155,150.6488047417701,-111.79845441191395,22.279878966684294,249.7135714285718,66912.39104236984,66358.5685,65804.74595763015,0
1784710800000,65987.97,66082.5,65850.0,65928.0,1983.57551,66147.714305329,65820.57375386165,35.498282558426965,17.43747475776763,124.00653874496962,-106.56906398720199,21.758193228312788,249.27214285714268,66862.96819391848,66315.6685,65768.36880608152,1
1784714400000,65928.01,66116.36,65898.0,66046.02,636.27622,66138.0291333929,65829.41478312197,40.315865810749195,9.87698848611035,101.18062869319776,-91.30364020708741,21.204920033742674,255.10500000000008,66775.63698340554,66275.85449999999,65776.07201659444,0
1784718000000,66046.01,66092.59,65909.16,66013.36,789.42664,66126.15588259358,65836.62832103876,40.07711038961055,1.2356161822681315,81.19162619101185,-79.95601000874372,21.583825819643994,259.75999999999993,66717.94194640886,66242.6955,65767.44905359115,0
1784721600000,66013.36,66013.37,65553.67,65636.01,572.31956,66079.47532234657,65828.76093589999,34.60103918377514,-35.65076515189139,57.823147922431204,-93.4739130743226,23.64855515201636,279.42785714285645,66722.60572435932,66197.39550000001,65672.1852756407,1
1784725200000,65636.01,65982.28,65559.66,65951.39,762.44551,66067.27672021832,65833.56991880588,36.45380221749374,-38.9855566227925,38.46140701338646,-77.44696363617896,26.043384444368712,284.7971428571421,66721.10289850744,66184.56749999999,65648.03210149254,0
1784728800000,65951.38,66204.98,65588.0,65793.98,977.66799,66041.24846114991,65832.01737297035,32.21412134116207,-53.71092821256025,20.02693996819712,-73.73786818075737,27.772807538326447,313.5564285714271,66717.92708407779,66158.269,65598.61091592221,1
1784732400000,65793.98,66125.0,65793.98,66047.39,689.66439,66041.83336961182,65840.46335834407,41.928561568483204,-44.42076717076998,7.1373985404037,-51.55816571117368,29.66948076172471,310.11928571428456,66683.25267238298,66138.4005,65593.54832761703,1
1784736000000,66047.38,66384.0,65911.6,66229.01,531.34681,66059.65971536307,65855.70048154627,48.26520670354625,-22.14772627282946,1.280373577757068,-23.428099850586527,29.817410576585587,327.1292857142845,66661.61317280217,66129.52249999999,65597.43182719781,0
1784739600000,66229.01,66275.29,65944.0,66024.03,332.68865,66056.26640913801,65862.3016391327,46.359083594046766,-20.796623275615275,-3.135025792917401,-17.661597482697875,28.280749591177734,336.84499999999804,66631.42688185304,66111.47400000002,65591.521118147,0
1784743200000,66024.02,66075.91,65726.08,65895.46,372.67709,66040.95151302963,65863.60196700985,40.33232327656595,-29.757364536766545,-8.45949354168723,-21.297870995079315,27.28920623739026,345.6899999999982,66611.25026540662,66091.046,65570.84173459338,1
1784746800000,65895.46,65958.56,65691.93,65923.19,284.49057,66029.73613083633,65865.93875261731,48.787851794898444,-34.226693279415485,-13.612933489232882,-20.613759790182606,25.17352766891954,333.55357142856934,66535.61534532848,66059.39749999999,65583.1796546715,0
1784750400000,65923.19,65986.0,65791.79,65919.68,303.33342,66019.25459456621,65868.04625251467,49.65051313736603,-37.61825633101398,-18.413998057589104,-19.204258273424877,22.285418921992065,333.4264285714276,66423.48690669423,66024.333,65625.17909330576,1
1784754000000,65919.67,66133.98,65892.64,66072.47,345.28683,66024.32272841706,65876.06287006312,55.305926677696085,-27.658389703850844,-20.262876386841455,-7.395513317009389,21.484728876082695,331.5292857142849,66357.33250677359,66006.29149999999,65655.2504932264,0
1784757600000,66072.48,66080.94,65932.0,66044.17,283.8249,66026.21294475828,65882.65530653123,51.3765556965061,-21.797429928104975,-20.56978709509416,-1.2276428330108153,20.83908466171264,319.2321428571418,66313.44276350396,65992.79400000001,65672.14523649606,1
1784761200000,66044.17,66138.24,65844.3,66114.49,440.45434,66034.62028335273,65891.74686313786,54.54399259277314,-11.347533466439927,-18.725336369363315,7.3778029029233885,19.25844406247767,323.6207142857134,66297.7041138507,65988.0185,65678.3328861493,0
1784764800000,66114.5,66313.14,66054.58,66058.19,818.52742,66036.86501827152,65898.2740449756,50.305728195826774,-7.52214411937166,-16.484697919364987,8.962553799993326,18.47451219426681,326.4921428571418,66223.51766562153,65971.8755,65720.23333437846,0
1784768400000,66058.2,66208.0,65751.0,65830.0,911.89269,66017.16358795995,65895.59663144714,45.805769811424376,-22.642512646649266,-17.716260864821844,-4.926251781827421,17.470403791532263,346.0328571428566,66224.12704175316,65964.6305,65705.13395824684,0
1784772000000,65830.0,65843.25,65653.23,65805.34,489.67764,65996.98991291613,65892.05715570413,54.61850237566618,-36.198100380031974,-21.412628767863872,-14.785471612168102,15.867890486637009,326.7699999999999,66227.08954802282,65958.18100000001,65689.2724519772,0
1784775600000,65805.35,65816.0,65585.11,65662.53,518.12407,65965.1365878765,65883.05609077455,41.30254125015064,-57.798311847713194,-28.689765383833738,-29.108546463879456,12.89314264838379,313.0750000000002,66245.10545225356,65949.1335,65653.16154774644,0
1784779200000,65662.53,65738.99,65590.12,65616.48,673.83221,65931.93119855493,65872.60212643046,44.27138467893942,-77.73638850363204,-38.4990900077934,-39.237298495838644,10.628858674705086,279.6385714285726,66260.90162501704,65930.5595,65600.21737498297,1
1784782800000,65616.49,65797.93,65570.12,65691.01,258.16071,65908.98632250208,65865.48086657045,36.99684754371112,-86.52609085793665,-48.10449017782205,-38.4216006801146,8.83825779660221,272.26642857142934,66266.00551100154,65918.71,65571.41448899847,1
1784786400000,65691.01,65821.17,65625.2,65790.0,198.22051,65897.65429178759,65862.5208325873,32.95411305164956,-84.52991930238204,-55.389576002734046,-29.140343299647995,9.811375934741193,252.52142857142982,66252.31868529021,65905.90900000001,65559.49931470981,0
1784790000000,65790.0,65790.0,65351.02,65442.13,625.4986,65854.27102590306,65846.03491758388,29.662663740196948,-109.75297669558495,-66.26225614130423,-43.49072055428071,12.171207257778166,260.21357142857335,66276.61748927477,65877.3475,65478.07751072525,1
1784793600000,65442.12,65665.99,65419.75,65633.0,617.22753,65833.19759486467,65837.68060709038,41.20984379605072,-113.03778830912779,-75.61736257486895,-37.42042573425884,12.78633776346213,252.8142857142879,66276.8521011582,65877.197,65477.54189884179,1
1784797200000,65632.99,65757.99,65608.18,65638.92,505.16907,65814.69496678232,65829.88607347899,40.33824798961344,-113.85092802561121,-83.2640756650174,-30.58685236059381,13.49043161632442,244.47000000000273,66273.26561845066,65861.5735,65449.88138154933,1
1784800800000,65638.92,65792.09,65589.69,65740.0,314.19369,65807.5811604221,65826.361129421,44.27289185812311,-105.12719500546518,-87.63669953310696,-17.49049547235822,14.862989504729768,245.05500000000185,66273.13222413175,65858.8745,65444.61677586826,0
1784804400000,65740.0,65740.01,65540.93,65555.21,260.87827,65783.54581181047,65815.72775179664,33.8424919409255,-111.83541335145128,-92.47644229677583,-19.35897105467545,16.04167399871818,242.0364285714308,66259.69578910389,65834.26550000001,65408.835210896126,0
1784808000000,65555.21,65589.41,64988.05,65167.04,1080.21623,65724.83097259043,65790.28901643207,27.630511846165973,-146.78179053589702,-103.33751194460007,-43.44427859129695,19.434501454124018,274.35214285714494,66260.79065843891,65781.16699999999,65301.54334156105,0
1784811600000,65167.05,65221.29,64863.62,64880.0,1019.68548,65644.37087996276,65754.59140794455,21.65050728664808,-195.38648160021694,-121.74730587572344,-73.6391757244935,23.42083973028625,278.90428571428754,66336.18559257299,65723.96549999999,65111.74540742699,1
1784815200000,64880.0,65216.24,64822.13,64909.99,1122.58373,65574.42984377584,65721.46978410358,23.309591996132028,-228.8480887691112,-143.167462454401,-85.6806263147102,27.996400017753192,288.5864285714306,66380.30141086601,65674.692,64969.082589133985,1
1784818800000,64910.0,65023.68,64728.0,64958.36,1087.45523,65515.756525321,65691.54391021717,27.889952007467926,-248.59791673599102,-164.253553310719,-84.34436342527201,32.80349240652612,277.0635714285735,66390.0689601326,65626.4505,64862.83203986742,0
1784822400000,64958.37,64961.15,64704.57,64756.84,823.97347,65443.47876100471,65654.88885491453,25.593575418994575,-277.31407349937217,-186.86565734844964,-90.44841615092253,37.27874639371417,281.817857142859,66410.91304779994,65568.30850000001,64725.70395220009,0
1784826000000,64756.84,64900.0,64650.0,64681.27,610.54166,65370.887450432834,65616.70772334926,26.420634768065653,-302.6805886444927,-210.02864360765827,-92.6519450368344,42.04777588436533,283.18285714285906,66394.1523341232,65498.7485,64603.3446658768,1
1784829600000,64681.26,64948.05,64680.0,64869.12,473.57506,65323.10007420114,65587.39055772772,33.18695558275172,-304.1201023491303,-228.84693535595267,-75.27316699317765,46.073205073967,291.6957142857157,66338.90919579717,65439.996,64541.08280420284,0
1784833200000,64869.13,64934.75,64686.56,64846.94,525.37224,65277.75149570579,65558.35328095408,30.5532644306315,-303.55151505391404,-243.78785129554495,-59.76366375836909,50.767476357271626,293.1514285714303,66253.77329609348,65376.6185,64499.46370390652,1
1784836800000,64846.93,65217.93,64834.52,65147.5,435.69297,65265.346591352856,65542.24138758333,36.45532047660415,-275.6704678561946,-250.16437460767492,-25.506093248519676,52.20564135356115,306.5400000000019,66152.01291045466,65331.083999999995,64510.15508954533,1
1784840400000,65147.5,65210.35,65014.0,65169.81,348.6782,65256.247868366874,65527.63623512909,43.3457790462414,-248.9050836658862,-249.91251641931717,1.007432753430976,51.98196648415996,289.2092857142873,66087.00314026726,65298.0745,64509.14585973275,1
1784844000000,65169.82,65227.99,65013.94,65195.43,465.02672,65250.45569042717,65514.60853963383,38.36850135834177,-223.05476746361092,-244.54096662817594,21.486199164565022,52.33535996658765,286.9100000000009,66020.26653463782,65267.57899999999,64514.89146536216,0
1784847600000,65195.43,65235.43,65052.01,65098.97,514.02333,65236.02848181506,65498.30898905995,36.30618155626919,-207.95455086680158,-237.22368347590108,29.2691326090995,53.99931463876941,289.3107142857142,65971.75419370914,65239.40099999999,64507.04780629084,0
1784851200000,65098.98,65113.86,64762.18,64973.99,343.41298,65211.07243592791,65477.74746007721,30.80569907938724,-203.72395893635257,-230.5237385679914,26.799779631638813,56.554308187661306,299.97357142857174,65926.22828936104,65207.27649999999,64488.32471063895,1
1784854800000,64974.0,65168.0,64944.37,65086.0,666.39562,65199.16077536334,65462.384814583995,37.79770418645289,-189.15248139611504,-222.24948713361613,33.09700573750109,57.49949348055933,301.7271428571429,65860.30655325924,65177.026,64493.74544674075,1
1784858400000,65086.0,65187.57,64925.45,65116.99,432.3739,65191.3349872335,65448.83991989443,48.40141812258448,-173.10836102817848,-212.4212619125286,39.312900884350114,55.086081054950036,277.4957142857144,65762.85976211871,65143.3755,64523.89123788129,1
1784862000000,65116.99,65464.35,65078.0,65456.7,382.6998,65216.60784559222,65449.14815832995,67.82006278891532,-131.46606317831902,-196.2302221656867,64.7641589873677,51.908736007728635,279.5442857142859,65765.09996474588,65144.10400000001,64523.10803525413,0
1784865600000,65456.7,65469.86,65272.26,65318.0,299.6958,65226.2642412501,65444.005093297405,61.813843864190446,-108.40652995489654,-178.66548372352867,70.25895376863213,47.843398806213095,265.5078571428572,65711.99596200205,65128.35400000001,64544.71203799797,1
1784869200000,65318.01,65394.0,65248.0,65325.0,372.30415,65235.66764684533,65439.33822689358,60.87655595505079,-88.54613748691918,-160.64161447620677,72.09547698928759,44.53738836825965,254.8164285714286,65653.8253415158,65112.65800000001,64571.490658484225,1
1784872800000,65325.01,65519.93,65278.07,65472.0,914.26438,65258.17549000292,65440.61908074089,71.92477957496911,-60.25043241956155,-140.56337806487772,80.31294564531618,42.03839847641039,253.76499999999993,65585.50515888451,65099.25800000001,64613.01084111551,1
1784876400000,65472.0,65808.59,65320.69,65499.95,1219.60281,65281.20163381216,65442.94578345694,75.85327034332923,-35.16518847881525,-119.48374014766524,84.31855166884999,40.8164013642584,270.75785714285666,65572.35026147868,65096.49500000001,64620.63973852134,0
1784880000000,65499.94,65508.17,65302.18,65302.18,306.26025,65283.1995734491,65437.42555665471,63.59054505284829,-30.887288656529563,-101.76444984943811,70.87716119290855,39.732346128778765,266.3249999999992,65587.09585761817,65103.252,64619.40814238183,0
1784883600000,65302.18,65314.66,64952.38,65113.13,478.93491,65267.002471215856,65424.70808384472,57.56174330013453,-42.264577529036615,-89.86447538535782,47.599897856321206,36.0762932897243,274.47428571428514,65587.20118638722,65114.908500000005,64642.6158136128,0
1784887200000,65113.13,65157.99,64906.85,64950.0,716.12782,65236.81175967149,65406.09208055669,43.914388542411295,-63.709979608298454,-84.63357622994596,20.923596621647505,33.02577623012713,265.02642857142774,65585.8742651026,65116.90900000001,64647.94373489742,1
1784890800000,64950.01,65099.99,64857.14,65083.43,751.17375,65222.20397303611,65393.43866563291,47.50893990079601,-69.14190454666095,-81.53524189328897,12.393337346628016,30.502680206356125,268.3478571428563,65586.52797521267,65123.1625,64659.79702478733,0
1784894400000,65083.42,65133.99,64766.0,64780.01,507.45117,65180.09026131838,65369.38263952966,39.674388546430706,-96.81418870580819,-84.59103125579281,-12.223157450015378,28.41214238268961,279.3435714285707,65583.93079994946,65124.320999999996,64664.71120005053,0
1784898000000,64780.0,64802.0,63920.01,64155.46,2007.68582,65082.5064269071,65321.77783013634,31.42470143993944,-167.21311004182644,-101.11544701299954,-66.0976630288269,28.01928107777007,329.2414285714279,65701.87244340302,65098.03050000001,64494.188556597,0
1784901600000,64155.47,64198.3,63739.75,64055.12,1591.08926,64984.660100534995,65272.10497405256,31.732569929027264,-228.46772806814988,-126.58590322402962,-101.88182484412026,26.49631309882854,336.8749999999995,65816.013803169,65057.330500000004,64298.64719683101,1
1784905200000,64055.11,64333.33,63858.0,64093.85,1939.18979,64899.82104334118,65225.89889663874,29.683794952022325,-270.76604443557153,-155.421931466338,-115.34411296923352,25.140620557717504,354.85357142857123,65889.01028467088,65019.676,64150.34171532912,0
1784908800000,64093.86,64200.0,63881.46,63958.0,529.35925,64810.12380111821,65176.17737128036,27.244633103356094,-311.6571351002349,-186.66897219311738,-124.9881629071175,25.839290294006013,358.8835714285711,65947.47224299303,64960.201,63972.92975700697,1
1784912400000,63958.01,64202.91,63905.51,64180.0,525.47557,64750.11201053552,65137.11159201447,23.718772129176628,-322.43326442325633,-213.82183063914516,-108.61143378411117,28.06155848581636,352.52999999999986,65951.5237331686,64910.7105,63869.89726683141,1
1784916000000,64180.0,64290.1,64129.75,64272.0,390.98725,64704.57753334166,65103.18564722959,28.04568847545555,-319.86261629260844,-235.02998776983782,-84.83262852277062,29.596118891827526,349.8692857142856,65933.71356070651,64864.539000000004,63795.364439293495,0
1784919600000,64272.01,64292.44,64141.18,64225.32,579.59462,64658.93395873769,65068.759543416665,27.297163384119784,-317.9271783977383,-251.60942589541793,-66.31775250232039,30.54445135739798,350.245,65920.65241083449,64820.85650000001,63721.060589165536,0
1784923200000,64225.32,64288.02,64128.89,64170.23,214.82759,64612.39072457219,65033.52309073366,22.064901566101014,-317.18235180320335,-264.724011076975,-52.45834072622836,31.395116452246405,344.33571428571406,65915.09911840397,64780.66850000001,63646.23788159604,0
1784926800000,64170.24,64258.73,64122.29,64155.0,651.81342,64568.82970318437,64999.07120482253,20.979859921372935,-314.1991132826588,-274.6190315181118,-39.580081764547,32.64736986339615,319.2314285714289,65891.95919714808,64734.118500000004,63576.277802851924,1
1784930400000,64155.0,64216.27,64121.86,64169.01,587.59798,64530.75163621443,64966.51978502557,23.443527332892728,-307.1635946322931,-281.1279441409481,-26.035650491344995,34.13210154222474,311.26142857142884,65856.1233388592,64686.71950000001,63517.31566114081,0
1784934000000,64169.01,64187.4,64134.71,64139.99,412.95391,64493.53624228925,64934.106852279474,25.34456898473759,-300.46598207565694,-284.99555172788985,-15.470430347767092,37.25926501493545,289.1478571428571,65755.50726431966,64620.884,63486.26073568034,0
1784937600000,64140.0,64179.03,64033.18,64073.61,386.54772,64453.543266833134,64900.36187768028,26.651143211863157,-297.08972172984795,-287.4143857282815,-9.67533600156645,41.765577016612035,281.62714285714276,65668.5360014961,64558.6645,63448.79299850389,0
1784941200000,64073.61,64160.0,64006.55,64068.01,493.07694,64416.82581284903,64867.720627575174,20.969752415804166,-291.5055893024546,-288.23262644311615,-3.272962859338463,46.45695521271632,275.2414285714284,65564.56642189008,64495.81499999999,63427.06357810989,0
1784944800000,64068.0,64099.99,64017.87,64052.0,479.58839,64382.08049733959,64835.731583356544,25.09356889202104,-285.0857067533216,-287.60324250515725,2.5175357518356805,50.96268605523581,254.8221428571425,65405.556417555,64424.81499999999,63444.07358244497,1
1784948400000,64052.01,64105.61,64016.65,64085.36,469.51581,64353.82140235487,64806.30524675433,45.97265310812371,-274.1458476991247,-284.91176354395077,10.765915844826054,49.56651994944534,198.17714285714257,65203.61371506463,64354.0855,63504.55728493537,1
1784952000000,64085.36,64205.67,64085.15,64181.46,171.38031,64337.406030702026,64781.801511587495,57.2939519201901,-254.78446698487096,-278.8863042321348,24.10183724726386,49.89052852059894,174.03214285714213,65022.971580793805,64298.0495,63573.1274192062,0
1784955600000,64181.45,64199.76,63980.01,64024.0,245.62438,64307.557837301836,64752.08380525073,46.453558626712365,-249.27267905222834,-272.96357919615355,23.690900143925205,48.66881035996765,155.77642857142772,64867.269503431766,64243.59299999999,63619.91649656822,0
1784959200000,64024.0,64063.37,63964.57,64010.0,248.54758,64279.21899565404,64722.98247955462,53.012955709551065,-243.23042150896072,-267.016947658715,23.78652614975431,47.61933338712459,140.08071428571358,64731.479834943595,64196.59299999999,63661.70616505639,0
1784962800000,64010.0,64038.52,64000.0,64003.2,408.36611,64252.93147225842,64694.75571565052,36.35254886219768,-236.26705253336695,-260.86696863364546,24.599916100278506,45.46475816617853,121.58928571428467,64483.34528441923,64142.58149999999,63801.81771558076,0
1784966400000,64003.2,64010.01,63810.0,63876.06,507.52898,64217.038951090944,64662.65000131129,21.009547797563286,-238.26114176862757,-256.3458032606419,18.084661492014334,46.96790883044385,124.42214285714206,64289.563812670276,64097.384,63905.20418732972,1
1784970000000,63876.07,64024.72,63830.0,63999.99,1813.6121,64196.367622415615,64636.6633345932,35.178193203794066,-227.22208186156786,-250.52105898082712,23.298977119259263,48.28008138770921,127.52642857142772,64284.458000587874,64089.610499999995,63894.762999412116,1
1784973600000,64000.0,64070.0,63996.0,64070.0,200.57959,64184.33261075699,64614.44124304053,43.533965550609516,-210.3989770128901,-242.49664258723973,32.097665574349634,48.08374006543914,121.44571428571362,64284.76061951889,64090.354499999994,63895.948380481095,0
1784977200000,64069.99,64113.0,64047.09,64064.01,226.46632,64172.87331449442,64592.85570409777,44.059231402045064,-195.2986073791617,-233.05703554562413,37.75842816646244,45.49775984303515,116.40785714285656,64283.61338248453,64088.8625,63894.111617515475,1
1784980800000,64064.01,64123.8,64043.0,64123.8,179.4102,64168.199665494954,64574.4613627606,47.214726647691634,-176.47263564470632,-221.74015556544057,45.26751992073426,42.79902838663434,115.43571428571418,64282.3287787954,64097.152500000004,63911.976221204604,1
1784984400000,64123.8,64267.78,64106.74,64172.0,285.46591,64168.56160211448,64558.67856422097,51.92652599395754,-155.86684427846194,-208.56549330804486,52.698649029582924,38.870292352756806,123.1749999999998,64281.20842689137,64096.7525,63912.29657310864,1
1784988000000,64172.01,64217.09,64126.0,64214.04,270.20323,64172.89287810358,64545.163326408394,58.70689334474166,-134.59282717638416,-193.77096008171273,59.17813290532857,34.34996442579491,119.26357142857107,64268.2651774287,64093.8545,63919.4438225713,0
1784991600000,64214.05,64272.0,64169.99,64182.0,193.98029,64173.7602230461,64530.921627333555,56.843204821880825,-118.94722600321256,-178.80621326601272,59.858987262800156,30.65116299026793,115.58928571428571,64260.201046005146,64091.688500000004,63923.17595399486,1
1784995200000,64182.01,64241.71,64123.0,64206.6,126.61028,64176.88782085123,64518.20313214401,59.18641408979623,-103.37135926067276,-163.71924246494473,60.347883204271966,26.3346926738307,118.20285714285741,64266.31843848009,64093.507,63920.695561519904,1
1784998800000,64206.61,64356.0,64194.37,64267.4,187.81706,64185.50802838921,64508.367715197186,60.47531361491544,-85.1398812229454,-148.00337021654485,62.86348899359945,26.445484622971254,123.39357142857158,64287.012024433585,64099.127,63911.241975566416,1
1785002400000,64267.41,64475.28,64267.41,64415.99,314.52068,64207.45869235214,64504.74505969926,62.72696686527958,-58.032371293411416,-130.00917043191816,71.97679913850675,25.163467679765976,129.63357142857163,64345.50131913877,64111.476,63877.450680861235,0
1785006000000,64415.99,64438.12,64388.38,64388.38,219.4973,64224.68929308051,64500.18172402478,73.01715642923901,-38.33546327120712,-111.67442899977597,73.33896572856885,26.86080762842293,117.49000000000056,64388.639739997205,64123.8955,63859.15126000279,0
1785009600000,64388.39,64392.74,64313.0,64339.75,213.90166,64235.64745564427,64493.890283866946,69.95654647348613,-26.34585768946272,-94.60871473771333,68.26285704825061,27.675892386339324,116.12857142857163,64417.59628084012,64137.20249999999,63856.80871915987,1
1785013200000,64339.75,64430.0,64263.03,64344.02,177.06463,64245.96865034482,64488.01301783295,70.68986450390966,-16.31142758765054,-78.94925730770076,62.63782972005022,28.169138643926395,125.30357142857194,64443.94631904805,64151.003000000004,63858.059680951956,1
1785016800000,64344.02,64426.0,64344.01,64412.0,625.93723,64261.78115983579,64485.032115172835,85.05258476349971,-2.8409034043143038,-63.72758652702347,60.886683122709165,27.57267652861638,116.87357142857165,64480.01588984316,64169.003000000004,63857.99011015685,0
1785020400000,64412.01,64429.38,64363.0,64375.0,417.8076,64272.563906518095,64480.71713026409,77.67397240056118,4.793734100050642,-50.02332240160865,54.817056501659295,27.172824309866137,107.70642857142853,64504.89861445992,64183.485,63862.07138554008,1
1785024000000,64375.01,64507.0,64350.0,64506.99,256.73658,64294.89020113542,64481.74743888119,79.54511649290785,21.249775061020046,-35.76870290908291,57.01847797010296,27.627383507105087,113.63499999999996,64552.21449059919,64199.7615,63847.30850940081,0
1785027600000,64506.99,64541.66,64456.67,64462.0,277.18148,64310.8054200749,64480.973029513305,75.5603509177554,30.311576098123624,-22.552647107641604,52.86422320576523,28.77554022675244,114.99785714285723,64582.46309331721,64221.6615,63860.859906682796,1
1785031200000,64462.0,64527.59,64427.59,64527.56,117.0226,64331.4487134011,64482.799969532396,75.74015045263297,42.29570424857957,-9.58297683639737,51.87868108497694,29.670885848700063,116.3692857142856,64618.519535015716,64247.5395,63876.55946498428,1
1785034800000,64527.57,64582.0,64488.73,64557.0,304.96319,64352.929788315276,64485.70977464878,75.14564882305322,53.5514661414054,3.0439117591631852,50.50755438224221,31.78789554243469,111.52857142857101,64652.04543247867,64275.2295,63898.41356752133,0
1785038400000,64557.0,64599.95,64491.73,64530.06,425.16453,64369.79933228525,64487.44899917236,71.0556473535525,59.61075006152532,14.357279419635613,45.253470641889706,34.51241358497972,112.75214285714226,64650.879601359426,64307.929500000006,63964.979398640586,0
1785042000000,64530.06,64530.07,64403.95,64417.69,131.14508,64374.36034825809,64484.71335214599,64.18503316200665,54.71473888713081,22.428771313134654,32.28596757399615,34.98581839642133,114.47428571428516,64642.424091121684,64328.8145,64015.20490887832,1
1785045600000,64417.68,64457.55,64293.81,64438.0,408.23581,64380.421267471604,64482.8814559834,63.99912883554379,51.8754738486532,28.318111820238364,23.557362028414836,35.288875753560106,117.69071428571417,64639.33288346691,64347.2145,64055.096116533095,0
1785049200000,64438.01,64460.0,64341.99,64370.0,273.49735,64379.42876580764,64478.45473221935,56.15344016888976,43.635303532479156,31.381550162686523,12.253753369792634,34.14360806483579,114.5750000000002,64622.45948355249,64362.514,64102.568516447514,1
1785052800000,64370.0,64493.99,64353.0,64480.01,204.14991,64389.007930968815,64478.51572311271,54.02590869073103,45.457787717437895,34.1967976736368,11.260990043801094,33.87180487185906,109.7971428571431,64619.37614229863,64380.3245,64141.27285770138,1
1785056400000,64480.02,64549.02,64478.38,64538.0,164.82486,64403.19765182893,64480.84843985339,59.06260599893424,50.99360538124165,37.55615921515778,13.437446166083873,31.802788518136342,111.28999999999984,64626.293087624545,64398.6245,64170.95591237545,0
1785060000000,64538.01,64573.73,64497.62,64515.4,137.0474,64413.88358974999,64482.2034029964,60.98567765338694,52.946811751666246,40.63428972245947,12.312522029206775,30.482693721252566,111.03071428571431,64629.504733099,64413.69249999999,64197.88026690098,0
1785063600000,64515.39,64535.99,64495.17,64507.35,174.84399,64422.78515263094,64483.18954405536,60.16707543293967,53.23155393075285,43.15374256411815,10.077811366634705,29.657272757095313,102.01999999999991,64619.71249886001,64429.96,64240.20750113999,0
1785067200000,64507.36,64662.99,64434.0,64466.67,319.29329,64426.96466190418,64482.54171879829,53.522869330996265,49.602886932261754,44.44357143774687,5.159315494514885,27.071179054740615,112.51999999999991,64601.31332303831,64442.9635,64284.613676961686,1
1785070800000,64466.68,64571.42,64414.0,64518.0,319.1541,64435.634694103785,64483.932239629736,59.04765520208546,50.289340002593235,45.612725150716145,4.6766148518770905,24.285612396230313,119.02285714285712,64593.73248564086,64455.4935,64317.254514359134,1
1785074400000,64517.99,64768.23,64517.99,64712.99,504.24215,64462.04948514152,64492.914896899165,62.07134988163053,65.8088193026706,49.65194398110704,16.15687532156356,22.52000799912156,125.6828571428575,64648.70212894587,64470.343499999995,64291.98487105412,1
1785078000000,64713.0,64827.0,64673.42,64768.0,313.86895,64491.18762941376,64503.702548001165,67.72310258548794,81.60625955997966,56.04280709688156,25.563452463098102,20.932065333818446,130.58214285714297,64707.345195255,64489.3245,64271.303804745,0
1785081600000,64768.0,64940.51,64703.23,64734.17,420.05042,64514.32880756483,64512.74048729524,62.423185617220845,90.35449611985678,62.9051449014766,27.449351218380173,20.59912288901739,140.38785714285717,64741.00751726626,64509.04550000001,64277.08348273375,0
1785085200000,64734.17,64794.45,64668.91,64697.2,347.81315,64531.74511160627,64519.97419367582,58.35438813939057,93.22967295600392,68.97005051238207,24.25962244362185,20.14255675800512,142.69285714285692,64759.54155054584,64526.70450000001,64293.86744945418,1
1785088800000,64697.21,64769.99,64668.91,64734.38,114.76281,64551.04367240568,64528.38226451207,62.028446286440904,97.38578389080794,74.65319718806725,22.73258670274069,19.487434695082698,142.182857142857,64786.60413273869,64542.8235,64299.042867261305,0
1785092400000,64734.39,64753.0,64671.91,64695.52,369.55718,64564.803322652755,64534.936685511595,67.9058016782455,96.43224363869376,79.00900647819256,17.423237160501202,21.282752634257736,138.96642857142797,64798.27977804302,64558.8495,64319.419221956974,0
1785096000000,64695.52,64703.36,64631.57,64649.04,120.01782,64572.8258633525,64539.411325295456,63.157435347514905,90.87841872734134,81.38288892802231,9.49552979931903,24.680847085689418,132.3985714285705,64807.32464665719,64565.952000000005,64324.57935334282,1
1785099600000,64649.04,64924.0,64649.03,64858.02,268.26505,64599.98720969988,64551.90578312701,75.87702553660799,102.16224913892802,85.53876097020346,16.623488168724563,29.352915170091283,143.60999999999902,64854.62772740763,64585.753000000004,64316.87827259238,1
1785103200000,64858.03,65502.6,64858.03,65412.68,1331.07392,64677.386523061796,64585.661634769094,83.60706538580718,154.08499662220856,99.24800810060448,54.836988521604084,33.84069669439792,179.58071428571358,65085.30408252011,64630.009,64174.71391747989,0
1785106800000,65412.69,65577.0,65273.76,65399.99,630.14927,64746.20590181782,64617.59608046443,82.10845482787116,191.99694981711218,117.79779644390602,74.19915337320616,39.0183749730537,196.1949999999992,65240.9343742882,64672.1585,64103.3826257118,0
1785110400000,65400.0,65418.81,65065.46,65131.95,465.77387,64782.94343497803,64637.766822407,69.41584002519267,198.12993935937266,133.86422502699935,64.2657143323733,42.562683178675236,215.9978571428562,65302.21021570855,64702.25299999999,64102.29578429143,1
1785114000000,65131.96,65225.75,64892.03,65206.21,478.78723,64823.2545364087,64660.05871172437,71.126871266536,206.60097174308612,148.41157437021673,58.189397372869394,44.87232172399573,236.91928571428485,65366.03795640313,64741.679000000004,64117.320043596876,0
1785117600000,65206.21,65281.64,65118.08,65172.0,475.81825,64856.46839008406,64680.13484067636,71.40619973414101,208.1543905993458,160.36013761604255,47.79425298330324,46.94092749994291,232.2457142857134,65413.77062123496,64778.379,64142.98737876504,1
1785121200000,65172.02,65367.73,65161.99,65284.0,519.18282,64897.18568626653,64703.8158273165,72.42178718621201,215.9337997818875,171.47487004921155,44.458929732675955,49.55202186111419,235.6971428571425,65467.227721704694,64824.079000000005,64180.93027829532,0
1785124800000,65284.0,65500.0,65242.69,65282.8,331.55981,64933.91085900305,64726.52108899037,68.81343396924146,219.4722679473416,181.07434962883758,38.397918318504026,51.05614772334603,236.20214285714195,65517.08412032634,64864.218499999995,64211.35287967365,1
1785128400000,65282.81,65493.38,65282.8,65468.38,284.79372,64984.81268195514,64755.61359530447,71.28892239230609,234.54756616303348,191.76899293567675,42.77857322735673,52.293238021341686,240.27357142857,65597.44152305656,64910.7375,64224.03347694345,0
1785132000000,65468.38,65744.6,65404.9,65416.76,867.3473,65025.95052176894,64781.54090529253,70.52618284387749,239.56795574897114,201.32878549833563,38.23917025063551,52.94226583925869,247.58928571428467,65651.51657307713,64955.8055,64260.094426922886,0
1785135600000,65416.77,65447.02,65217.16,65221.99,1066.09119,65044.62094826713,64798.81341881047,64.41311046783088,225.23398228212318,206.10982485509314,19.124157427030042,53.37527538280312,255.04071428571322,65663.26306234949,64991.5375,64319.81193765051,0
1785139200000,65221.99,65258.0,65128.85,65162.98,724.97518,65055.89323890836,64813.094461210065,61.63182005688381,206.72954173366452,206.2337682308074,0.4957735028571051,53.48158294379073,257.0457142857137,65654.28806289063,65026.353,64398.41793710937,1
1785142800000,65162.98,65348.17,65100.0,65262.17,1478.16072,65075.538644726614,64830.70526665281,64.89075992410764,197.788461056276,204.54470679590116,-6.756245739625172,52.672906846901185,268.97999999999956,65651.58835951374,65063.561499999996,64475.53464048624,1
1785146400000,65262.18,65432.0,65230.01,65333.35,412.29993,65100.0921071336,64850.41682482329,67.75224526432126,194.20751794941316,202.47726902660355,-8.269751077190392,51.26659510731929,278.27999999999935,65670.05681626809,65094.57950000001,64519.10218373193,0
1785150000000,65333.35,65333.36,65092.0,65100.79,287.15002,65100.158573120876,64860.23538071257,56.22177685971608,170.63694978364947,196.10920517801276,-25.472255394363287,48.14238309703378,275.879285714285,65665.80260170794,65111.219000000005,64556.63539829207,0
1785153600000,65100.79,65255.76,64836.0,65086.0,587.73231,65098.810137585555,64869.088895194436,38.424633264828714,149.045570738861,186.6964782901824,-37.65090755132141,43.655728014035894,259.8207142857136,65654.60912979761,65128.8105,64603.01187020239,1
1785157200000,65086.0,65718.0,64913.12,65217.37,1076.54142,65110.101553053595,64882.746977735835,44.031167880348896,140.91038122242026,177.53925887663,-36.62887765420973,38.22736034292841,295.65214285714217,65640.66742028549,65154.818999999996,64668.97057971449,0
1785160800000,65217.38,65431.9,64459.82,64687.45,1132.47674,65069.849024191346,64875.088272726585,37.59530268019594,90.65802041925781,160.16301118515554,-69.50499076589773,34.57134083273483,339.8471428571424,65647.24219098149,65152.472499999996,64657.70280901851,0
1785164400000,64687.45,64776.0,64418.01,64554.01,596.28993,65020.72149807788,64862.49696791378,32.38097296362723,39.60858650886803,136.05212624989804,-96.44353974103001,31.55280752107351,341.58071428571355,65670.78136985867,65145.397,64620.01263014132,1
1785168000000,64554.0,64970.93,64517.78,64898.52,473.37301,65009.0832601657,64863.90963583873,43.67278380854535,26.643490578964702,114.17039911571138,-87.52690853674667,28.549635661095454,362.26571428571384,65644.01641134068,65157.871,64671.72558865931,1
1785171600000,64898.53,65090.0,64794.37,65019.81,404.49207,65010.10485443564,64870.02337560976,43.91387881663991,25.85757792073855,96.50783487671681,-70.65025695597826,25.342851335369144,368.6864285714276,65636.22221479545,65165.9605,64695.69878520456,0
1785175200000,65019.81,65058.32,64755.67,64878.0,323.26344,64997.52343972748,64870.336184409374,41.24203821656037,13.634682499963674,79.93320440136618,-66.29852190140251,21.961657075512758,371.9249999999993,65611.2212556959,65139.226500000004,64667.23174430411,1
1785178800000,64878.0,65078.0,64810.9,64984.0,291.82434,64996.23549308677,64874.793588942346,39.14656771799628,12.35879939251754,66.41832339959646,-54.05952400707892,18.64799914160775,375.9621428571424,65578.55187184652,65118.427,64658.30212815349,0
1785182400000,64983.99,65056.0,64908.01,64960.65,197.69959,64992.84639850708,64878.160507023036,39.64887277084584,9.355656793886737,55.00579007845452,-45.65013328456778,15.871166752919509,362.2685714285705,65575.27393745256,65109.862,64644.45006254745,0
1785186000000,64960.64,64960.65,64790.28,64821.25,238.07403,64976.50388436355,64875.9287224339,40.67100595021928,-4.224077798135113,43.1598165031366,-47.38389430127171,13.710469895240418,358.0192857142855,65570.85374913758,65090.61399999999,64610.37425086239,0
1785189600000,64821.26,64821.26,63792.0,63792.0,1130.54656,64863.69399061464,64833.421713711,28.015496815327367,-96.92074646370747,15.14370390976778,-112.06445037347525,13.911858256487614,422.31285714285696,65772.76023554802,65021.61399999999,64270.467764451954,0
1785193200000,63792.01,63940.27,63605.56,63755.86,947.65195,64758.185991508486,64791.16439160469,25.346889208218627,-171.32479460380273,-22.149995792946324,-149.1747988108564,14.556744744184257,428.4942857142856,65873.88170386964,64945.206999999995,64016.532296130354,0
1785196800000,63755.86,63827.49,63469.3,63487.88,711.04544,64637.204468507676,64740.05519977705,21.623957119265853,-249.0434671397379,-67.52869006230465,-181.51477707743328,15.302105505170953,439.65142857142826,65974.23104011167,64855.460999999996,63736.69095988832,0
1785200400000,63487.88,63529.89,63059.39,63230.83,1245.20979,64503.264042935516,64680.86989782501,21.46232030033876,-327.60147591130954,-119.54324723210563,-208.05822867920392,17.40245745639649,456.0185714285711,66038.00432948474,64743.58349999999,63449.162670515245,0
1785204000000,63230.82,63305.94,63108.0,63185.59,429.21894,64377.77127694166,64622.23147045932,21.264685869811686,-389.02531211796304,-173.43966020927712,-215.58565190868592,19.786337143068966,440.17428571428536,66059.86962264767,64632.025,63204.180377352335,1
1785207600000,63185.59,63375.39,63168.01,63343.83,728.50056,64279.3006791377,64572.09807946092,21.89931665876736,-420.0929295206952,-222.77031407156073,-197.32261544913445,24.603503341864222,397.4957142857139,66047.31892733794,64538.11699999999,63028.91507266204,1
1785211200000,63343.82,63361.85,63221.26,63350.95,343.17382,64190.88632874363,64524.20991948206,26.225798877195913,-439.0782943858503,-266.03191013441864,-173.04638425143168,28.806328318382064,338.1035714285707,66015.20026652052,64447.5155,62879.83073347949,1
1785214800000,63350.95,63623.5,63323.09,63451.61,390.51839,64120.47905933947,64482.147177541585,30.15867302126678,-440.9192692017241,-301.0093819478798,-139.90988725384432,32.130024457975686,333.990714285714,65935.6630400776,64356.9875,62778.311959922394,1
1785218400000,63451.62,63660.72,63395.13,63640.63,460.72288,64074.77914892619,64449.1465039125,26.017807096146925,-422.25838885289704,-325.25918332888324,-96.9992055240138,35.94195391110556,320.59357142857124,65811.63687591937,64272.351500000004,62733.06612408064,0
1785222000000,63640.63,63668.71,63455.58,63505.99,985.9853,64020.60875379036,64412.15997434731,21.28457073485339,-413.56649241032574,-342.92064514517176,-70.64584726515398,40.21247822012413,314.7007142857141,65716.35189257735,64192.6115,62668.87110742265,0
1785225600000,63506.0,63546.36,63406.11,63428.08,281.48766,63964.177443905566,64373.56860280428,21.813374805598798,-408.25863630961976,-355.9882433780614,-52.270392931558376,44.79769376619337,303.100714285714,65609.00713555435,64109.71549999999,62610.423864445635,0
1785229200000,63428.07,63581.33,63368.81,63393.99,315.43759,63909.87387781932,64335.15375563548,18.200944765988424,-402.16696972007776,-365.2239886464647,-36.942981073613055,49.40311287333079,299.202142857143,65454.6623844067,64018.5465,62582.43061559329,1
1785232800000,63393.99,63555.18,63294.0,63473.47,416.0357,63868.31160374129,64301.36223580664,20.91056325355416,-386.470912195844,-369.4733733563406,-16.99753883950342,53.267366787092655,307.2871428571431,65377.44908127366,63957.84750000001,62538.24591872636,0
1785236400000,63473.48,63593.0,63352.0,63450.0,405.45329,63828.47240338498,64267.97548146128,21.90395403824965,-371.64145502220344,-369.9069896895132,-1.734465332690263,57.024588894185335,312.33214285714297,65310.451078640835,63902.64700000001,62494.84292135919,1
1785240000000,63449.99,63570.0,63364.96,63546.65,440.98415,63801.63217449117,64239.68820767849,41.86338040313337,-348.077732677928,-365.5411382871962,17.463405609268193,56.80246872481615,253.45928571428573,65169.43107974223,63835.0535,62500.675920257774,0
1785243600000,63546.65,63588.0,62742.47,63104.0,1615.91422,63735.19101501582,64195.151415220505,32.97304356911512,-360.96054015545815,-364.6250186608486,3.6644785053904343,57.13092506040776,289.94642857142856,64987.83705851032,63739.263,62490.68894148968,1
1785247200000,63104.0,63550.0,62965.38,63412.45,868.98588,63704.4537754905,64164.457242074604,48.07051829720618,-342.3346994024687,-360.1669548091726,17.832255406703894,56.70914929352828,306.1200000000005,64799.92549142282,63665.985499999995,62532.04550857717,1
1785250800000,63412.45,64026.62,63269.28,63928.47,945.11572,63725.78865401522,64155.20284042462,65.75775645543075,-282.6765654859919,-344.66887694453646,61.99231145854458,53.53705459671234,326.60857142857225,64573.87469640538,63613.208999999995,62652.54330359461,1
1785254400000,63928.46,64100.0,63773.65,64043.26,517.94749,63756.02402029948,64150.81292511386,68.7822739237646,-223.55743987637106,-320.4465895309034,96.88914965453233,50.89573674977168,335.78071428571485,64322.80236260773,63567.3395,62811.87663739228,0
1785258000000,64043.27,64043.27,63504.0,63685.88,527.24876,63749.34363741382,64132.580261383904,56.88969637397111,-203.20031935742008,-296.99733549620674,93.79701613878666,46.19888955857487,359.48714285714334,63989.219691298225,63510.57100000001,63031.922308701796,1
1785261600000,63685.88,63849.09,63672.26,63734.49,311.5129,63747.92900527916,64116.968878584536,57.59840242172578,-181.05761445673852,-273.8093912883131,92.7517768315746,41.90387325459789,362.07571428571464,63979.87271305328,63507.69550000001,63035.51828694674,1
1785265200000,63734.49,63904.0,63675.93,63904.0,333.27009,63762.792909538286,64108.61715785573,58.72440379994364,-148.1238415065527,-248.67228133196107,100.54843982540837,39.727233147729216,356.9085714285715,64007.869795818035,63515.1025,63022.33520418197,1
1785268800000,63904.0,64018.39,63880.0,63917.55,300.22119,63777.53168005845,64101.1243281359,55.72811517458223,-119.5520952748484,-222.84824412053854,103.29614884569014,36.508932403279466,347.8228571428569,64060.816814469574,63536.58600000001,63012.35518553045,1
1785272400000,63917.55,64073.3,63892.0,63972.44,227.23863,63796.09437719574,64096.077883895276,59.97775353483498,-91.42571751183277,-196.5637387987974,105.13802128696463,32.546170527695004,345.5492857142859,64111.57041543912,63573.66650000001,63035.76258456089,0
1785276000000,63972.44,64020.76,63768.47,63783.71,319.67019,63794.91491270091,64083.828162958205,57.262883587185925,-83.40287775436445,-173.93156658991083,90.52868883554638,28.811125905900475,353.5521428571431,64116.56074875894,63603.572499999995,63090.58425124105,1
1785279600000,63783.72,63956.4,63562.0,63915.0,768.93138,63806.35158768177,64077.20745068534,60.234062864618274,-65.6934405910506,-152.2839413901388,86.5905007990882,25.740016940638156,366.54357142857145,64147.822593674864,63632.13100000001,63116.43940632515,1
1785283200000,63915.0,64200.0,63873.54,63953.99,862.01004,63820.41238885493,64072.375393795715,59.59129414206886,-47.95956884667248,-131.41906688144553,83.45949803477305,21.48559991304854,371.20642857142855,64179.26864431417,63662.282999999996,63145.29735568582,0
1785286800000,63954.0,63999.0,63690.0,63705.06,643.74129,63809.426447059224,64057.97086854882,54.67067578851753,-53.37662581222685,-115.8105786676018,62.433952855374955,18.164759512218257,376.0635714285714,64182.53741596153,63674.955500000004,63167.373584038476,1
1785290400000,63705.07,64132.42,63658.0,63979.96,459.75103,63825.667737815485,64054.91161880181,57.44854212721183,-35.083133397070924,-99.66508961349564,64.58195621642471,16.533567554583765,395.3049999999998,64217.054448321,63691.922,63166.789551678994,0
1785294000000,63979.96,64002.0,63710.0,63753.03,381.54189,63818.74985802354,64043.07312394684,62.05044987504493,-38.45349536927097,-87.4227707646507,48.96927539537974,14.323977068333736,355.7671428571427,64222.56907147311,63704.274,63185.978928526885,1
1785297600000,63753.04,63970.92,63598.0,63968.34,635.48596,63832.99653821177,64040.14241320382,60.6908913275098,-23.480149388866266,-74.63424648949382,51.15409710062755,11.96825279813635,340.64571428571384,64245.26941698953,63731.287,63217.30458301046,1
1785301200000,63968.34,64094.2,63890.07,64067.32,612.17163,63855.31305838208,64041.208200921326,53.18056249112369,-3.585474909756158,-60.42449217354629,56.83901726379013,11.843622584121125,301.1307142857134,64274.096306988504,63764.9535,63255.8106930115,1
1785304800000,64067.32,64471.0,64026.64,64435.62,959.62083,63910.58038615521,64056.67533029696,58.05237450231905,41.42243785774917,-40.05510616728721,81.47754402503638,11.532621221190043,309.5599999999992,64384.27755629642,63813.061,63241.84444370358,1
1785308400000,64435.63,64575.99,64402.67,64561.0,512.31101,63972.525111283285,64076.45276832453,69.8502926098988,86.21482036382076,-14.801120861065613,101.01594122488638,13.257090637043524,283.4207142857137,64503.682995983094,63868.611,63233.5390040169,0
1785312000000,64561.01,64588.0,64283.83,64417.31,442.88681,64014.88557687535,64089.81971858632,64.8479155250545,108.86361212370684,9.93182573588888,98.93178638781797,14.461051550728554,292.51642857142826,64573.12610114941,63912.14399999999,63251.16189885057,1
1785315600000,64417.31,64744.81,64386.94,64698.0,689.93306,64079.94409336341,64113.66992570058,66.4692021770874,147.75900609940436,37.49726180859198,110.26174429081237,15.068798156847404,301.7878571428565,64626.408663652015,63991.844,63357.27933634798,0
1785319200000,64698.01,64718.0,64410.24,64469.83,337.46395,64117.07608447166,64127.63698743782,60.51889775177316,158.34714660913596,61.667238768700784,96.67990784043518,15.717074232494086,313.88571428571385,64651.61437400966,64044.713,63437.81162599035,1
1785322800000,64469.84,64591.73,64422.5,64507.54,317.77588,64154.263124045785,64142.535144793204,60.25881901840486,167.84637753148127,82.90306652125689,84.94331101022438,16.402592975203078,313.023571428571,64711.67233449989,64073.66650000001,63435.66066550012,0
1785326400000,64507.53,64507.54,64215.93,64276.81,475.5158,64165.93425508904,64147.80082538955,59.3037735849056,154.9702037238385,97.31649396177322,57.653709762065276,16.496379109325122,315.83214285714246,64729.526028751534,64085.344000000005,63441.161971248475,1
1785330000000,64276.82,64667.18,64139.68,64664.7,795.5697,64213.435754604376,64168.07138125663,62.89651138787579,174.05878317684255,112.6649518047871,61.39383137205546,16.964149841124637,325.3392857142852,64799.082122533335,64134.284999999996,63469.48787746666,0
1785333600000,64664.69,64718.87,64047.71,64108.01,736.50705,64203.39520654681,64165.71603297206,52.24892678795672,142.62232795423915,118.6564270346775,23.965900919561648,17.59744651609052,349.96071428571406,64790.91261360668,64152.960999999996,63515.009386393314,0
1785337200000,64108.01,64195.0,63886.0,63964.01,727.70384,64180.59661544712,64157.80599246335,53.90058956970757,104.88012140714272,115.90116590917056,-11.021044502027834,17.704472773866488,349.96071428571406,64789.5322632253,64155.9615,63522.390736774694,0
1785340800000,63964.01,64146.53,63624.15,63808.33,758.02868,64145.1426520712,64144.10105158244,47.31840694967428,61.69588412486337,105.06010955230911,-43.364225427445746,17.12483999223738,353.3864285714283,64794.52039967717,64150.50049999999,63506.48060032281,1
1785344400000,63808.33,64286.71,63709.19,64269.83,486.13508,64157.01763758823,64149.03159857921,57.52317510597665,63.97380780256208,96.84284920235972,-32.86904139979764,16.223156256445574,373.78071428571377,64805.80236964299,64165.369999999995,63524.937630357,1
1785348000000,64269.83,64648.79,63758.0,64501.52,1896.70634,64189.827386389356,64162.854673144735,57.72478340239344,83.51185276027536,94.17664991394285,-10.664797153667493,17.147198690318127,410.77142857142826,64832.0160373487,64201.2605,63570.50496265129,0
1785351600000,64501.52,64600.0,63511.0,63589.46,1453.05091,64132.64954006656,64140.368607531214,44.39681251729522,25.11081273842865,80.36348247884001,-55.25266974041136,17.17686033523333,473.97642857142847,64861.95128526574,64184.983499999995,63508.01571473425,0
1785355200000,63589.46,63746.42,63378.09,63522.01,788.59239,64074.49339339355,64116.11925037313,38.47421234164196,-26.31177773725358,59.028430435621296,-85.34020817287487,17.532067078623477,468.54571428571427,64896.611124621544,64163.3845,63430.157875378456,1
1785358800000,63522.01,63860.0,63267.34,63860.0,771.02443,64054.065451165596,64106.07535820163,41.60668017260782,-39.33811753743066,39.3551208410109,-78.69323837844156,16.65285125364309,498.49857142857167,64887.03822457213,64171.131499999996,63455.224775427865,1
1785362400000,63860.0,64131.44,63859.99,63942.5,704.70887,64043.4401701022,64099.660638272166,44.230390667719796,-42.51444510123838,22.981207652561046,-65.49565275379942,15.164623833477446,496.1614285714292,64887.46346116741,64169.258499999996,63451.05353883258,1
1785366000000,63942.5,64067.12,63899.0,63984.28,331.88265,64037.80586818771,64095.13590735953,40.79270558124169,-41.185648234131804,10.147836475222476,-51.33348470935428,13.881458260909893,482.60785714285834,64877.94808088511,64180.820999999996,63483.693919114885,0
1785369600000,63984.29,64125.61,63603.92,63696.72,649.94769,64005.321499788886,64079.51175412975,40.177067159988056,-62.6144752102191,-4.40462586186584,-58.20984934835326,13.446600736668035,497.8885714285726,64891.83804093625,64167.240000000005,63442.64195906376,1
1785373200000,63696.73,64370.0,63690.0,64266.0,686.07285,64030.148023618516,64086.825018673684,47.296274738067495,-33.277237368580245,-10.179148163208723,-23.098089205371522,12.495392046415802,534.3721428571438,64901.451769991174,64177.174,63452.896230008824,0
1785376800000,64266.01,64411.76,64159.63,64189.99,575.1734,64045.37106898818,64090.87070421589,48.993293259865304,-15.976469972774794,-11.338612525121937,-4.637857447652857,11.62614956660579,531.5521428571441,64878.97639284321,64164.892499999994,63450.80860715678,0
1785380400000,64190.0,64300.91,64133.99,64161.98,422.8264,64056.47668146549,64093.65930405056,43.639997975810985,-4.474085603156709,-9.96570714072889,5.491621537572181,9.708837536135817,505.7964285714302,64834.29612750022,64144.94149999999,63455.58687249976,0
1785384000000,64161.98,64180.0,64008.5,64023.99,927.45873,64053.38271180211,64090.927174479955,48.811093816329354,-6.419008554563334,-9.256367423495778,2.8373588689324443,8.967571186745834,470.10642857143,64804.27727445018,64125.2755,63446.27372554983,1
1785387600000,64024.0,64182.0,63907.85,64033.89,766.12333,64051.526263059044,64088.69042253956,51.02782844031296,-7.079913903333363,-8.821076719463296,1.7411628161299326,7.962990736696601,467.61714285714436,64715.85168384218,64092.07000000001,63468.288316157836,0
1785391200000,64033.9,64080.0,63957.2,64002.0,642.99866,64046.80947610104,64085.29079812625,52.95624326461329,-10.060966083670792,-9.069054592304795,-0.9919114913659968,8.424685326442415,439.0757142857162,64667.397973906474,64068.6785,63469.95902609353,1
1785394800000,64001.99,64144.06,63943.29,64026.0,710.04842,64044.827621234275,64082.96566878796,45.70435959141818,-10.367363477562321,-9.3287163693563,-1.0386471082060211,8.449645970029827,412.1650000000019,64606.61606989268,64044.601500000004,63482.586930107325,1
1785398400000,64026.0,64358.99,63980.54,64308.01,1143.21426,64069.89260968815,64091.79093667863,46.65025636764618,12.00725239305757,-5.061522616873527,17.068775009931095,6.896908738681034,375.56928571428733,64611.05578318196,64046.1615,63481.26721681804,1
1785402000000,64308.01,64641.37,64283.8,64567.56,2560.14823,64117.289504003566,64110.44854700496,71.87242835164054,50.105230611996376,5.971828028900455,44.13340258309592,7.995785505731713,323.3242857142873,64585.08194652431,64041.304500000006,63497.5270534757,1
1785405600000,64567.55,64631.99,64562.0,64570.72,459.04462,64160.47336076513,64128.498407906736,74.14568780132896,79.63515393895796,20.704493210911956,58.930660728046,9.287190908976838,302.01428571428704,64657.32273440884,64064.44,63471.55726559117,1
1785409200000,64570.72,64885.18,64542.73,64788.0,630.38864,64220.237802597025,64154.36121543981,72.62399313478831,119.19648812459491,40.402892193648555,78.79359593094635,11.089191529082782,284.14214285714377,64778.289735585175,64105.639500000005,63432.989264414835,1
1785412800000,64788.01,65043.94,64788.0,64925.0,819.62205,64287.358011873504,64184.5823442461,73.33263671856449,159.7622458127662,64.27476291747209,95.48748289529411,13.776550057378127,283.03428571428645,64911.180059707294,64161.473,63411.7659402927,1
1785416400000,64925.0,65176.6,64689.02,65022.01,1173.19736,64357.324867885545,64217.42264447174,74.01430125193812,197.46257168455486,90.91232467088864,106.55024701366622,15.799181337759595,305.85285714285783,65041.41986937014,64199.08200000001,63356.74413062988,0
1785420000000,65022.0,65042.0,64620.0,64683.97,1065.79722,64388.43392808692,64235.71861919834,72.32455803141376,197.78342447088653,112.28654463088822,85.49687983999831,18.326137916936762,298.7321428571434,65068.10233822896,64208.20450000001,63348.30666177106,1
1785423600000,64683.97,64888.0,64607.31,64730.3,678.51535,64420.992601602455,64255.11396746508,63.7514956935872,199.47670315566938,129.72457633584446,69.75212681982492,20.914153835522452,270.21000000000066,65103.405955683054,64265.24650000001,63427.08704431696,1
1785427200000,64730.29,64963.64,64729.56,64818.01,615.24584,64458.803782402225,64277.18832168214,68.47248041038199,205.52691633428185,144.88504433553194,60.641871998749906,23.85718086469385,268.9207142857148,65125.57277261088,64330.04650000001,63534.52022738914,1
1785430800000,64818.01,64988.0,64772.0,64872.0,452.4677,64498.15580312582,64300.51426985147,70.570034649392,212.23181935075263,158.3543993385761,53.87742001217654,27.067304490473017,272.42642857142863,65179.02082501007,64380.64650000001,63582.27217498995,0
1785434400000,64871.99,64899.8,64688.0,64702.8,263.9882,64517.645726637646,64316.29018083769,69.31653263671923,201.56891636535875,166.9973027439326,34.57161362142614,30.312252810225676,275.3050000000003,65201.44535012356,64418.6615,63635.87764987644,1
1785438000000,64702.8,64904.0,64702.79,64800.0,356.88836,64544.53660981501,64335.259193353864,70.76888043071625,198.6715545806146,173.332153111269,25.339401469345603,34.44885337806108,270.09500000000014,65231.8704750989,64459.447499999995,63687.02452490109,0
1785441600000,64800.0,64936.0,64752.12,64777.37,330.42092,64566.71121840405,64352.59687204587,71.12598154879014,192.33223632098816,177.13216975321285,15.200066567775309,38.21102073421912,274.4578571428569,65208.569271784705,64513.48,63818.3907282153,0
1785445200000,64777.38,64802.48,64700.34,64735.53,227.76045,64582.78919760367,64367.613857455835,69.14595644782645,181.83604980622476,178.07294576381523,3.7631040424095374,41.84171442385479,267.4128571428576,65228.55954036782,64536.95650000001,63845.35345963219,1
1785448800000,64735.53,65029.29,64668.91,64851.16,482.45748,64608.34832164142,64386.5764512811,66.1022074387663,180.7643817413118,178.61123295931455,2.1531487819972597,45.47483997059277,266.12214285714333,65254.962317945545,64570.015,63885.067682054454,0
1785452400000,64851.16,65086.4,64740.0,64780.02,491.7787,64624.69800529462,64402.00561005439,57.0906979227852,172.1897770552314,177.32694177849794,-5.137164723266551,47.01558195554089,265.3242857142863,65263.76362057459,64600.917,63938.070379425415,0
1785456000000,64780.03,64901.55,64690.29,64724.91,660.4309,64634.242004790365,64414.668527307156,54.97351800839948,159.1132659529685,173.68420661339206,-14.57094066042356,47.588207736704724,275.4150000000009,65242.06388787337,64635.963,64029.86211212663,0
1785459600000,64724.92,65409.56,64480.44,64564.01,1217.00276,64627.55324242938,64420.52505564805,42.502326390981054,134.21955194461043,165.79127567963576,-31.57172373502533,46.955411389416916,317.32000000000073,65200.21983958326,64662.469,64124.718160416734,0
1785463200000,64564.0,64614.0,64203.58,64297.79,855.65776,64596.14721934087,64415.71191621088,30.676853877199008,91.94943923784012,151.02290839127664,-59.07346915343652,44.821792583699946,328.35428571428616,65150.98565284322,64677.258499999996,64203.53134715677,1
1785466800000,64297.79,64439.81,64172.0,64370.0,548.04563,64574.609388927456,64413.91929204575,29.60110127334727,63.54431459022453,133.52718963106622,-69.98287504084169,42.68476237471112,312.65642857142876,65086.574507235666,64694.45849999999,64302.34249276432,0
1785470400000,64370.0,64438.0,64236.0,64300.0,391.13431,64548.45611379151,64409.45186882827,35.566231364323215,34.9813899849396,113.8180297018409,-78.8366397169013,39.81327550542246,296.94214285714304,65087.84873575337,64694.058,64300.26726424663,1
1785474000000,64299.99,64421.68,64268.47,64363.06,529.40293,64530.79934104946,64407.63257985461,36.36660627839957,17.234809282963397,94.5013856180654,-77.266576335102,37.61685142661828,287.8364285714285,65101.358253301056,64683.833,64266.30774669894,0
1785477600000,64363.06,64496.64,64196.08,64231.97,503.77566,64502.339403806654,64400.74385123286,28.92276042640721,-7.32293695685803,74.13652110308071,-81.45945805993874,35.000779191344044,292.58499999999964,65128.85993091818,64666.8955,64204.93106908182,0
1785481200000,64231.97,64245.57,63878.11,63950.01,3088.95651,64449.736603444115,64383.06801392962,21.511688985842184,-48.97241977201338,49.51473292806189,-98.48715270007527,32.45552497569504,303.403571428571,65182.78299037387,64624.996,64067.20900962613,0
1785484800000,63950.01,63987.36,63784.67,63834.01,734.18718,64391.095974544674,64361.53632710885,22.24295362909662,-90.29925195172837,21.55193595210384,-111.8511879038322,29.66928719909676,302.75285714285667,65211.825531490365,64570.4465,63929.06746850963,0
1785488400000,63834.01,63847.13,63638.18,63715.9,562.33026,64326.79159601661,64336.21725545752,15.820669651302168,-131.07065320989204,-8.972581880295337,-122.0980713295967,26.601556725911255,303.3057142857137,65215.22439083196,64505.14099999999,63795.05760916802,1
1785492000000,63715.91,63951.77,63610.0,63918.67,422.39058,64287.92287258645,64319.84285328272,25.688546125795455,-145.34499148098985,-36.24706380043424,-109.09792768055561,23.28058767242831,314.5835714285708,65217.69614417822,64466.876000000004,63716.05585582179,0
1785495600000,63918.68,64011.99,63792.01,63805.51,287.14604,64241.97878948298,64299.67293746771,24.691405059433094,-163.8992452092716,-61.77750008220172,-102.12174512706989,20.01148367697505,323.0007142857129,65215.74955747147,64420.6365,63625.52344252853,0
1785499200000,63805.5,63830.62,63627.66,63754.01,516.25828,64195.50557143698,64278.27439090035,19.063516859064848,-180.67651812790427,-85.55730369134224,-95.11921443656203,18.14298087227466,311.7564285714273,65192.42173996587,64367.436499999996,63542.451260034126,0
1785502800000,63754.01,63849.19,63241.71,63270.73,1511.53534,64107.43170749061,64238.76284615916,15.468318865912707,-230.31436422508705,-114.5087157980912,-115.80564842699584,17.77609041412496,330.40499999999884,65211.076143272185,64287.373,63363.669856727814,0
1785506400000,63270.72,63310.0,62466.0,62682.06,3628.40429,63971.68202106293,64177.71567572155,12.432832033189328,-313.5391796661934,-154.31480857171164,-159.22437109448174,18.737552406290444,375.60071428571297,65333.70014982949,64186.33600000001,63038.97185017053,1
1785510000000,62682.05,62769.36,62490.24,62716.57,965.95557,63852.14754286646,64120.4158453011,14.370077221566362,-372.4177766110297,-197.93540217957525,-174.48237443145445,22.04056981491152,329.1721428571421,65365.228751589304,64082.1645,62799.100248410694,1
1785513600000,62716.57,62931.79,62709.01,62870.88,857.24803,63758.6934911649,64071.41443960302,21.238959457879474,-401.99402462637954,-238.74712666893612,-163.24689795744342,26.068419809381336,315.769285714285,65334.10781198957,63986.840000000004,62639.57218801044,1
1785517200000,62870.87,63301.68,62800.0,63245.44,856.72938,63709.81220629205,64039.023285108786,29.7957585034747,-390.70574002727517,-269.13884934060394,-121.56689068667123,28.685770539007386,332.47428571428514,65250.046740991354,63912.3355,62574.62425900865,0
1785520800000,63245.44,63302.0,62966.0,63097.57,753.45664,63651.503424740426,64002.10354843786,28.984742296869783,-389.20505277696066,-293.15209002787526,-96.0529627490854,30.989050336371992,342.0457142857137,65132.82357852058,63824.656,62516.48842147942,0
1785524400000,63097.57,63158.0,62936.29,62972.0,304.88916,63586.78881286039,63961.70733085206,26.207856712823656,-393.6108954979136,-313.2438511218829,-80.36704437603066,33.275096547955116,346.93857142857087,65014.019906857044,63734.255000000005,62454.490093142966,0
1785528000000,62972.0,63034.0,62928.35,62953.7,318.42027,63526.49464020702,63922.177631602965,27.259595028766384,-394.0370013847205,-329.4024811744505,-64.63452021027001,36.08723295724979,333.01642857142826,64881.18298772696,63645.694500000005,62410.20601227305,0
1785531600000,62953.7,63062.47,62846.0,62947.78,334.75985,63471.3789601873,63883.9659597754,30.228484176553422,-390.35264558225026,-341.5925140560105,-48.760131526239775,38.120694174884,322.2314285714284,64758.173222503116,63564.88300000001,62371.5927774969,1
1785535200000,62947.77,63020.0,62870.01,62950.0,440.99494,63421.72382112184,63847.33984370578,31.740989362800804,-382.8404848186983,-349.84210820854804,-32.998376610150274,39.95379540475542,318.4671428571424,64668.532078685996,63497.493500000004,62326.45492131401,0
1785538800000,62950.01,63013.52,62860.64,62887.88,186.49459,63370.88155244357,63809.71396748202,32.49251509666941,-377.54747584646975,-355.3831817361324,-22.164294110337323,41.06953769333163,314.4621428571424,64548.63376242963,63423.3875,62298.141237570366,1
1785542400000,62887.88,63024.04,62887.87,62938.01,517.26897,63329.65569030609,63775.529498169,27.83438511473183,-365.09902179874916,-357.3263497486558,-7.772672050093377,42.74115046433668,299.77642857142826,64420.403953373985,63355.288,62290.172046626016,1
1785546000000,62938.01,62990.0,62923.47,62975.01,386.71985,63295.87991027694,63744.13657667218,30.559092866907818,-348.2337199459871,-355.5078237881221,7.274103842134991,45.05672470323568,288.81571428571414,64250.677791286784,63285.8855,62321.09320871321,1
1785549600000,62975.0,63106.55,62975.0,63075.07,348.67082,63274.85039501247,63717.89867170465,34.46020178345823,-323.06969462037523,-349.0201979545727,25.950503334197492,45.239876871131074,283.71500000000015,64086.9089353264,63228.0405,62369.17206467361,0
1785553200000,63075.08,63075.08,62970.65,63004.48,388.95582,63249.100833582714,63689.92146889271,42.486581669799094,-305.3036953524934,-340.27689743415687,34.97320208166349,43.39130886785497,247.78285714285707,63973.87900299499,63180.764,62387.64899700502,1
1785556800000,63004.47,63115.37,62993.2,63115.01,223.92941,63236.33027800341,63667.375921093,66.73314317958712,-279.08801278816827,-328.03912050495916,48.95110771679089,44.52472555498595,196.22357142857177,63876.019837516214,63144.814,62413.60816248378,0
1785560400000,63115.0,63142.85,63000.85,63020.0,458.27671,63215.727394384034,63641.98863006975,61.20337618797946,-262.9473154766529,-315.0207594992979,52.07344402264505,43.82436072189426,186.42928571428587,63791.328862974384,63110.01900000001,62428.70913702563,1
1785564000000,63020.0,63086.65,62992.82,63080.64,434.87477,63202.86192825222,63619.97495830231,58.320375717957674,-242.46754048356524,-300.5101156961514,58.042575212586144,43.537242206497226,177.21857142857178,63633.18886696527,63068.11749999999,62503.04613303472,0
1785567600000,63080.65,63110.89,63034.0,63050.46,150.69173,63188.34745889487,63597.641038368885,39.358613312375745,-226.06649123846,-285.62139080461316,59.55489956615315,42.410170871675156,146.87642857142887,63476.34373432989,63030.365000000005,62584.386265670124,1
1785571200000,63050.45,63150.0,63050.45,63126.25,106.02817,63182.43341519059,63579.155115295594,51.698931355590844,-204.59448409498145,-269.4160094626868,64.82152536770536,41.75486869159995,129.98714285714337,63292.98330706575,62998.977,62704.97069293425,0
1785574800000,63126.25,63139.54,63046.33,63053.17,228.45152,63170.12261374387,63558.5282480291,55.12715236807848,-191.26986899288022,-253.7867813687255,62.516912375845294,41.66369727862402,120.80857142857192,63254.580632183664,62988.099,62721.61736781634,1
1785578400000,63053.17,63111.09,62986.31,63056.0,321.04349,63159.25379338732,63538.82125791031,56.59064553536929,-178.42488714374485,-238.71440252372938,60.28951537998452,40.217597515890944,122.17500000000031,63232.169751090856,63006.795999999995,62781.42224890913,1
1785582000000,63055.99,63091.97,63037.72,63076.0,179.08594,63151.32486068376,63520.671404658926,58.11334126401579,-164.73238128310186,-223.91799827560388,59.18561699250202,40.977616206312966,110.58785714285737,63205.62328597834,63024.7675,62843.91171402166,1
1785585600000,63076.0,63119.4,63076.0,63103.68,320.18632,63146.78725490435,63504.318800554654,59.42082291206899,-149.9192512636946,-209.11824887322206,59.19899760952745,42.1718328032667,102.9742857142862,63205.11958784499,63036.407499999994,62867.695412155,0
1785589200000,63103.68,63106.83,63051.0,63069.32,187.46878,63139.40942110394,63487.260024062314,61.51444382393266,-139.34600978109665,-195.163801054797,55.81779127370035,43.19938182442237,96.04214285714365,63166.044446378095,63027.601500000004,62889.15855362191,1
1785592800000,63069.31,63127.07,63069.31,63126.52,385.79335,63138.18185718928,63473.11335645203,61.85672054846188,-124.91117944822327,-181.11327673348228,56.202097285259015,43.957419601959245,90.44142857142963,63171.1297836807,63029.049,62886.9682163193,0
1785596400000,63126.53,63126.53,63007.05,63007.06,164.42533,63125.69406126649,63454.83675423822,51.82639814909768,-121.70792286893993,-169.23220596057382,47.52428309163389,42.98311411072985,94.22357142857228,63170.76851909713,63030.802,62890.835480902875,0
1785600000000,63007.06,63027.65,62874.0,62932.32,327.87182,63107.27748400302,63434.345901130844,41.62353741975609,-123.77342927696736,-160.14045062385253,36.36702134688517,42.666804721280975,95.80214285714361,63172.47797423084,63029.73299999999,62886.98802576915,0
1785603600000,62932.32,62996.0,62666.0,62708.07,359.17517,63069.25772362178,63405.86449324336,35.26423067362647,-141.8700690065889,-156.4863743003998,14.61630529381091,45.06033198501037,111.91428571428644,63218.09685465657,63017.7475,62817.398145343424,0
1785607200000,62708.06,62734.0,62275.0,62580.56,931.42897,63022.715083276846,63373.499611155385,23.871403009591845,-164.6033329656275,-158.10976603344534,-6.493566932182148,45.35497190535763,135.97357142857177,63278.516291884596,62999.2755,62720.03470811541,0
1785610800000,62580.55,62624.0,62461.17,62529.82,312.52626,62975.77269439334,63340.41413620811,24.95145432618601,-184.58610862623755,-163.4050345520038,-21.18107407423375,45.92011160768998,137.46142857142902,63328.37542890572,62981.3725,62634.36957109428,1
1785614400000,62529.81,62674.98,62482.99,62662.13,183.46966,62945.901961593976,63313.814758317596,30.07341948139741,-187.5839401708654,-168.24081567577613,-19.343124495089256,46.46052772090911,144.47285714285786,63342.638462604824,62967.5785,62592.51853739518,1
1785618000000,62662.14,62864.0,62662.13,62812.75,229.38386,62933.22082239455,63294.1651599522,39.846399617280504,-175.77968921384308,-169.74859038338954,-6.031098830453544,47.800545367971424,153.40000000000094,63340.81562388765,62959.465500000006,62578.115376112364,1
1785621600000,62812.76,62866.62,62794.17,62831.28,129.54917,62923.51217264269,63276.01280073839,36.75256667055888,-163.0499804673018,-168.408868400172,5.3588879328702035,48.99417534642017,151.46428571428675,63328.65246809618,62947.276,62565.899531903815,0
1785625200000,62831.29,62862.8,62769.97,62823.64,287.81315,62914.00053715291,63258.27269090551,39.047782644793735,-151.82790118762932,-165.0926749576635,13.264773770034168,49.63998109047932,151.4371428571441,63322.46431938317,62938.234,62554.00368061682,1
1785628800000,62823.65,62979.99,62806.58,62833.99,397.27424,62906.38048599549,63241.63415400726,39.48208719051708,-140.47980031393672,-160.17010002891814,19.69029971498142,50.27017395022436,154.91071428571533,63301.68863674371,62924.183,62546.67736325628,1
1785632400000,62834.0,63088.0,62834.0,62981.87,215.77694,62913.56996351973,63231.447324438355,46.02246317408547,-118.19123352898168,-151.77432672893087,33.58309319994919,48.41740977306692,169.1792857142869,63298.126162010325,62922.2765,62546.426837989675,1
1785636000000,62981.87,63547.7,62958.54,63451.58,1068.41906,62964.809014613085,63240.07997838195,60.70263951270542,-61.91202897064068,-133.80186717727284,71.88983820663216,44.99299676045342,208.16214285714366,63380.72838753298,62940.8235,62500.918612467016,1
1785639600000,63451.58,63550.0,63380.0,63461.95,388.55462,63012.15577512613,63248.780763543444,62.25964991163484,-16.285848430969054,-110.29866342801208,94.01281499704302,42.12759363955054,216.31714285714355,63457.761393773755,62961.398,62465.03460622625,1
1785643200000,63461.95,63612.0,63461.95,63590.0,302.37117,63067.188558447444,63262.161910071154,63.858721653430415,29.861567643485614,-82.26661721371254,112.12818485719815,39.32295159692251,222.90928571428645,63551.664818335536,62984.5855,62417.50618166447,0
1785646800000,63590.0,63634.0,63415.26,63453.27,261.31562,63103.95821954768,63269.656344970324,63.20593336213987,54.76941137540416,-54.859411495889205,109.62882287129337,38.10528439224544,229.9992857142866,63608.86603047973,63004.590500000006,62400.31496952028,1
1785650400000,63453.27,63498.15,63435.99,63482.49,160.39885,63140.00886530504,63278.002762814634,66.73358030549109,75.99089109271154,-28.68935097816906,104.6802420708806,37.79162598162634,223.46428571428675,63666.82022559133,63025.915,62385.009774408674,1
1785654000000,63482.49,63544.51,63480.0,63506.24,412.11258,63174.88802099028,63286.95324270426,77.6487623059282,93.64600037444325,-4.2222807076466005,97.86828108208985,37.21658741294387,204.50071428571547,63723.33666998852,63047.427,62371.517330011484,0
1785657600000,63506.23,63530.0,63172.0,63193.99,542.79786,63176.70725708644,63283.3076253433,68.838252003808,81.50232815501658,12.922641064886037,68.57968709013055,35.37630933686901,197.28642857142975,63730.63543228412,63051.942500000005,62373.24956771589,1
1785661200000,63194.0,63320.0,63094.0,63273.94,277.11141,63185.967518316305,63282.94026748671,72.44895496452186,77.43703136594559,25.825519125097948,51.61151224084764,32.65598188850161,201.7985714285725,63748.09998107797,63062.1735,62376.247018922026,0
1785664800000,63273.94,63273.94,63125.06,63205.03,200.2751,63187.78299276237,63279.88496287938,67.02991292127771,67.87240247004956,34.234895794088274,33.63750667596129,30.41767840002791,198.71928571428674,63754.47026142406,63066.099,62377.727738575944,0
1785668400000,63205.03,63206.0,62982.38,63031.99,373.06149,63172.94556488024,63270.16359178608,56.78182110642288,45.80151199640386,36.548219034551394,9.253292961852466,28.24207906334084,200.27285714285816,63755.35681638476,63067.345499999996,62379.33418361523,1
1785672000000,63031.99,63231.67,63031.99,63125.49,247.99863,63168.425987272596,63264.49011759838,58.69749017057371,35.446238696575165,36.32782296695615,-0.8815842703809835,25.838657760101512,209.360714285715,63762.45293153614,63077.004,62391.55506846386,1
1785675600000,63125.49,63146.89,63010.0,63126.92,262.12825,63164.47303610378,63259.0952110259,58.99865886513869,27.043261168830213,34.470910607330964,-7.427649438500751,23.388617388224954,212.50785714285772,63761.168090953746,63097.9465,62434.72490904625,0
1785679200000,63126.92,63186.0,63062.0,63069.37,314.22912,63155.4156040939,63251.65500667195,56.79370100557636,15.560663263400784,30.68886113854493,-15.128197875144146,21.778615745318938,208.97857142857225,63739.77193307183,63122.387,62505.00206692817,1
1785682800000,63069.37,63186.0,63050.0,63109.14,191.05332,63151.008403704,63246.066182880895,53.917856461215365,9.559531989762036,26.46299530878835,-16.903463319026315,20.324025482172516,200.5492857142864,63702.483701744335,63151.353,62600.22229825567,1
1785686400000,63109.13,63273.49,63064.01,63180.36,267.96361,63153.80379382743,63243.489469826745,38.9364791880823,10.430217949280632,23.256439836886805,-12.826221887606174,22.499600340143182,173.42928571428638,63677.97202784643,63177.264500000005,62676.55697215358,1
1785690000000,63180.36,63342.0,63152.0,63300.28,318.39177,63167.753908701,63245.716549441386,43.946258865115546,20.559784237229906,22.717108716955426,-2.1573244797255207,23.888579042601084,174.8578571428578,63674.313325041374,63201.641,62728.96867495863,1
1785693600000,63300.0,63610.01,63290.0,63382.01,518.81545,63188.15925072948,63251.06139063976,41.93193014577544,34.78152666526148,25.129992306616636,9.651534358644845,23.524461270404462,186.99785714285775,63674.372048077516,63229.17749999999,62783.982951922466,1
1785697200000,63382.01,63479.85,63323.89,63456.01,247.35839,63213.66884589809,63259.098591006834,50.11172364300648,51.430680685334664,30.390129982360243,21.04055070297442,22.874411922489376,182.5135714285721,63673.34624831699,63260.795999999995,62848.245751682996,1
1785700800000,63456.0,63501.48,63404.69,63494.52,140.51262,63240.41657486018,63268.33080312421,50.486835609009844,66.96080784424703,37.7042655547376,29.256542289509426,21.452928841158293,184.98714285714337,63666.3212213205,63293.822499999995,62921.32377867949,1
1785704400000,63494.51,63785.0,63479.45,63578.0,457.27756,63272.56737725445,63280.47469319777,52.770100211540615,85.02457347765449,47.16832713932098,37.856246338333506,19.86292794240635,202.20428571428627,63686.29793790804,63323.62899999999,62960.960062091945,0
1785708000000,63578.01,63796.33,63376.71,63424.58,484.1409,63287.04476989688,63286.12588169982,60.14536751053754,85.96952292288915,54.92856629603462,31.040956626854538,19.23273124421445,206.60571428571504,63683.13902505299,63322.279,62961.41897494702,1
1785711600000,63424.58,63596.0,63344.0,63570.0,337.67298,63313.99288704955,63297.258200064534,62.31633247358345,97.33061410734808,63.40897585829732,33.921638249050766,19.544682024005965,208.4628571428579,63700.386763674556,63327.68149999999,62954.97623632543,0
1785715200000,63570.01,63596.0,63208.3,63317.6,357.32342,63314.33642161626,63298.05591770906,54.06275489212426,84.988100202223,67.72480072708245,17.263299475140542,18.89133723350051,225.52142857142877,63665.719024083286,63314.061499999996,62962.403975916706,0
1785718800000,63317.61,63350.0,63111.1,63212.16,372.31318,63304.60533384328,63294.68745034793,56.83606644457795,65.93834600073751,67.36750978181347,-1.4291637810759568,20.164712475236065,226.61285714285728,63650.08267796675,63302.005999999994,62953.92932203324,0
1785722400000,63212.16,63286.0,63100.0,63141.4,334.18959,63289.06196871535,63288.676177785266,50.61426199760641,44.617218395578675,62.81745150456651,-18.200233108987838,21.150665872326716,225.63571428571439,63629.19750104259,63284.95149999999,62940.70549895739,0
1785726000000,63141.39,63168.44,62786.04,62870.49,516.46423,63249.19797169484,63272.27671983291,41.80488709069172,5.793118780195073,51.412584959692225,-45.61946617949715,20.288423961976104,243.17214285714311,63627.470671477706,63253.16399999999,62878.857328522274,0
1785729600000,62870.48,63001.77,62770.37,62790.0,320.41763,63205.46483153343,63253.36390729044,41.2007785973907,-31.111496232202626,34.90776872131325,-66.01926495351589,19.503656245729406,250.84357142857127,63660.53043412141,63232.96449999999,62805.39856587857,1
1785733200000,62790.0,62875.02,62751.3,62827.17,546.69206,63169.43675233977,63236.65042073003,41.10431770429114,-56.70569322218216,16.58507633261417,-73.29076955479633,19.29420135164029,249.96642857142797,63674.334165049666,63210.626000000004,62746.91783495034,0
1785736800000,62827.17,62872.58,62613.0,62623.6,396.31841,63117.452299735975,63212.60922776022,33.78891464110586,-92.351110314361,-5.2021609967808615,-87.14894931758013,17.706337430221243,253.54499999999982,63714.47794928704,63181.55449999999,62648.631050712946,0
1785740400000,62623.6,62700.0,62552.04,62621.1,1264.72827,63070.18065214207,63189.4127874559,28.772971621452612,-119.42542729182605,-28.0468142557899,-91.37861303603616,17.406157404814795,250.5421428571426,63747.22593661198,63161.009999999995,62574.794063388006,0
1785744000000,62621.1,62647.69,62300.0,62541.5,657.33122,63019.83011384283,63164.004442849786,23.695756946052484,-145.62638301727566,-51.562728008087056,-94.06365500918861,21.20702282198976,252.51928571428547,63780.34116223006,63131.8105,62483.27983776994,1
1785747600000,62541.5,62863.1,62520.0,62837.4,585.41075,63002.45581728637,63151.19642548313,33.00120358106577,-140.89007900711294,-69.42819820789224,-71.46188079922071,23.73077766344038,265.8864285714283,63779.11433750355,63117.3345,62455.55466249644,0
1785751200000,62837.4,62860.0,62615.11,62742.01,443.80935,62977.651453735285,63135.1498989936,29.948573103466757,-143.18317325547832,-84.17919321740946,-59.00398003806886,26.522040957003913,276.46499999999963,63783.6060036697,63100.966499999995,62418.32699633029,0
1785754800000,62742.01,62778.92,62540.95,62560.01,282.26451,62937.876077189074,63112.59539315071,24.227709787996744,-157.86655851268006,-98.91666627646359,-58.94989223621647,30.259116886253388,271.63785714285666,63797.67546928597,63073.509999999995,62349.34453071402,1
1785758400000,62560.01,62799.3,62445.26,62700.0,437.23263,62915.22121269488,63096.4151816546,31.530328211507182,-156.40429273399786,-110.41419156797045,-45.990101166027415,32.378214979291585,266.9535714285708,63790.40604983789,63049.49199999999,62308.57795016209,1
1785762000000,62700.01,63390.0,62562.42,63351.09,1121.39133,62956.73252577156,63106.402429432856,45.563612339444056,-101.53745438620535,-108.63884413161745,7.101389745412092,30.581855901047874,308.06642857142805,63796.90513323536,63052.032499999994,62307.159866764625,1
1785765600000,63351.09,63992.71,63136.0,63967.19,2387.82383,63052.96657093617,63140.15880474922,61.473165872458054,-8.245914889943379,-88.56025828328264,80.31434339333926,29.54438108223079,341.5671428571425,63920.711563773286,63081.29150000001,62241.87143622673,0
1785769200000,63967.19,63989.75,63646.59,63694.91,1368.53804,63114.104040370825,63161.91375358259,58.05187223751147,43.21937576826895,-62.20433147297232,105.42370724124126,28.489561291408457,349.0142857142855,63961.414720275025,63093.23650000001,62225.058279725,1
1785772800000,63694.9,63939.99,63664.0,63776.46,800.0795,63177.18556033551,63186.01360638327,60.55428879124092,89.5540692951472,-31.852651319348414,121.40672061449561,27.664976955337533,355.4421428571425,64011.36251102257,63107.33350000001,62203.30448897745,1
1785776400000,63776.46,64059.75,63714.55,63906.0,628.1066,63246.596459351174,63214.248366917265,68.05805027256852,135.1692956276529,1.5517380700518508,133.61755755760106,30.2013248332862,352.78499999999934,64074.41050803826,63123.73350000001,62173.05649196176,0
1785780000000,63905.99,64000.0,63768.0,63870.87,368.04477,63306.05108227011,63239.99823488129,69.15206906205603,166.56493682118162,34.55437782027781,132.0105590009038,33.07150311517767,352.8278571428569,64146.12513065962,63146.047999999995,62145.97086934037,0
1785783600000,63870.87,64080.0,63846.0,63869.38,545.18183,63359.70145538724,63264.67987272909,68.70354218934507,189.14562508595554,65.47262727341337,123.67299781254218,36.21072688034617,360.7050000000002,64196.16003453296,63161.01700000001,62125.87396546706,0
1785787200000,63869.38,64023.61,63769.92,63775.43,498.9936,63399.29465011227,63284.70928948481,71.51738644727656,197.18695492205006,91.81549280314071,105.37146211890935,38.700661985658336,360.28428571428594,64253.31363887124,63183.9085,62114.50336112876,0
1785790800000,63775.43,63791.98,63548.0,63590.15,427.95014,63417.47135010158,63296.68735656384,66.9456403512761,186.45982638996065,110.7443595205047,75.71546686945595,39.84504592624813,367.1428571428577,64287.56556248744,63202.808,62118.05043751255,1
1785794400000,63590.15,63680.0,63392.01,63618.0,422.48287,63436.56931675858,63309.28785238486,69.17158793819505,178.15213507405133,124.22591463121404,53.92622044283729,38.91137575101037,362.87857142857166,64326.54959270813,63226.638,62126.72640729187,0
1785798000000,63618.01,63621.35,63465.43,63520.0,460.20967,63444.515096114905,63317.55107385996,63.07843227418343,161.79537253225863,131.73980621142297,30.055566320835652,38.97719801249155,349.5085714285716,64353.087701953154,63259.1135,62165.139298046844,0
1785801600000,63520.0,63585.09,63322.01,63361.99,536.23408,63436.65556315158,63319.29377684584,61.6002933846257,134.53163695070543,132.29817235927948,2.2334645914259568,38.26516098692813,350.80785714285696,64359.73620815664,63287.713,62215.68979184337,1
1785805200000,63362.0,63927.99,63361.99,63847.93,808.63269,63475.824557137144,63340.0246091264,71.63698676164235,150.40248073211114,135.9190340338458,14.48344669826534,36.41111172008365,374.23857142857116,64415.63794004484,63338.751000000004,62261.864059955165,0
1785808800000,63847.92,63972.0,63686.44,63822.44,596.20908,63508.83555169551,63358.942859748895,69.61141978544228,159.089523800365,140.55313198714964,18.536391813215346,35.09378872361844,369.3471428571424,64440.87282754026,63398.69300000001,62356.51317245975,0
1785812400000,63822.45,63860.0,63649.0,63800.01,343.13285,63536.56645153404,63376.23961034698,60.05176799340821,162.29333789885277,144.90117316949028,17.39216472936249,35.909000140364626,325.3057142857137,64446.63823794489,63457.6385,62468.63876205511,1
1785816000000,63800.01,64243.81,63762.0,64029.0,795.09044,63583.464884721274,63401.83805700004,51.67422383297302,181.22096047858213,152.16513063130867,29.055829847273458,36.40231373034755,298.52714285714217,64452.26331595239,63532.0135,62611.76368404761,0
1785819600000,64029.01,64056.0,63788.23,63818.48,306.74636,63605.84727665258,63418.176956725525,53.4629547632793,177.19148004415183,157.17040051387733,20.021079530274505,36.567228038464236,293.14214285714166,64448.4935691424,63581.067500000005,62713.641430857606,0
1785823200000,63818.47,63859.71,63654.16,63670.0,321.82249,63611.95705982853,63428.05237018727,47.124412511479676,160.17064517336985,157.77044944577585,2.400195727593996,36.02728099963869,288.11071428571296,64400.00433141308,63627.467000000004,62854.92966858693,1
1785826800000,63670.0,63763.63,63506.78,63685.74,779.79552,63618.98400651153,63438.15776743484,43.66085304783277,146.26553927547502,155.4694674117157,-9.203928136240677,33.399176496811165,281.79999999999876,64270.525948329414,63683.753500000006,63096.9810516706,0
1785830400000,63685.73,63748.22,63564.99,63588.94,412.14854,63616.12267255805,63444.07079616289,42.16412725059336,125.98244446345052,149.57206282206266,-23.589618358612142,30.69923458855091,278.31642857142754,64094.445166252684,63728.2005,63361.95583374731,1
1785834000000,63589.04,63610.0,63516.43,63603.73,356.68509,63614.94241802871,63450.3319414114,42.67079408697392,109.8352625513071,141.62470276791154,-31.789440216604447,28.29898602662348,268.28571428571325,64067.613036875526,63740.8325,63414.05196312447,1
1785837600000,63603.73,63842.0,63451.8,63764.0,613.8334,63629.13837821645,63462.63264959135,49.69578247515423,108.71772387311648,135.04330698895254,-26.325583115836054,24.985690017570448,278.03642857142717,64039.99004839365,63730.672999999995,63421.35595160634,0
1785841200000,63763.99,63866.0,63712.0,63739.99,169.66458,63639.69567552916,63473.50940843091,54.362611510958864,104.68788332612894,128.97222225638782,-24.284338930258883,23.420600025161658,271.60928571428406,64041.803445074234,63732.92699999999,63424.05055492574,0
